-- phpMyAdmin SQL Dump
-- version 5.2.2
-- https://www.phpmyadmin.net/
--
-- Hôte : blok55lz6chdyrkje20u-mysql.services.clever-cloud.com:3306
-- Généré le : sam. 11 juil. 2026 à 11:45
-- Version du serveur : 8.0.22-13
-- Version de PHP : 8.2.31

SET SQL_MODE = "NO_AUTO_VALUE_ON_ZERO";
START TRANSACTION;
SET time_zone = "+00:00";


/*!40101 SET @OLD_CHARACTER_SET_CLIENT=@@CHARACTER_SET_CLIENT */;
/*!40101 SET @OLD_CHARACTER_SET_RESULTS=@@CHARACTER_SET_RESULTS */;
/*!40101 SET @OLD_COLLATION_CONNECTION=@@COLLATION_CONNECTION */;
/*!40101 SET NAMES utf8mb4 */;

--
-- Base de données : `blok55lz6chdyrkje20u`
--

-- --------------------------------------------------------

--
-- Structure de la table `advisorprofiles`
--

CREATE TABLE `advisorprofiles` (
  `id` bigint UNSIGNED NOT NULL,
  `userID` bigint UNSIGNED NOT NULL,
  `specialty` varchar(100) COLLATE utf8mb4_unicode_ci NOT NULL,
  `location` varchar(255) COLLATE utf8mb4_unicode_ci DEFAULT NULL,
  `companyName` varchar(150) COLLATE utf8mb4_unicode_ci DEFAULT NULL,
  `createdAt` datetime NOT NULL DEFAULT CURRENT_TIMESTAMP,
  `updatedAt` datetime NOT NULL DEFAULT CURRENT_TIMESTAMP ON UPDATE CURRENT_TIMESTAMP,
  `bio` varchar(200) COLLATE utf8mb4_unicode_ci NOT NULL,
  `ville` varchar(200) COLLATE utf8mb4_unicode_ci NOT NULL
) ENGINE=InnoDB DEFAULT CHARSET=utf8mb4 COLLATE=utf8mb4_unicode_ci;

--
-- Déchargement des données de la table `advisorprofiles`
--

INSERT INTO `advisorprofiles` (`id`, `userID`, `specialty`, `location`, `companyName`, `createdAt`, `updatedAt`, `bio`, `ville`) VALUES
(1, 10, 'Gestion de salle et équipements', 'Casablanca', 'CityClub', '2025-01-25 09:20:00', '2026-06-13 17:38:44', '', ''),
(2, 17, 'À compléter', NULL, NULL, '2026-06-24 21:51:19', '2026-06-24 21:51:19', '', ''),
(3, 25, 'Musculation', 'HAY EL AMAL 2 RUE 68 ', 'The New Castle', '2026-07-02 12:23:47', '2026-07-11 10:37:45', 'hello', 'Casablanca'),
(4, 28, 'Natation', NULL, NULL, '2026-07-02 23:07:00', '2026-07-02 23:07:00', '', '');

-- --------------------------------------------------------

--
-- Structure de la table `authtokens`
--

CREATE TABLE `authtokens` (
  `id` bigint UNSIGNED NOT NULL,
  `userID` bigint UNSIGNED NOT NULL,
  `refreshToken` varchar(512) COLLATE utf8mb4_unicode_ci NOT NULL,
  `deviceInfo` varchar(255) COLLATE utf8mb4_unicode_ci DEFAULT NULL,
  `expiresAt` datetime NOT NULL,
  `revokedAt` datetime DEFAULT NULL,
  `createdAt` datetime NOT NULL DEFAULT CURRENT_TIMESTAMP
) ENGINE=InnoDB DEFAULT CHARSET=utf8mb4 COLLATE=utf8mb4_unicode_ci;

--
-- Déchargement des données de la table `authtokens`
--

INSERT INTO `authtokens` (`id`, `userID`, `refreshToken`, `deviceInfo`, `expiresAt`, `revokedAt`, `createdAt`) VALUES
(1, 2, 'rt_abc123def456', 'iPhone 13 - Safari', '2025-04-10 12:00:00', NULL, '2025-03-11 12:00:00'),
(2, 6, 'rt_xyz789uvw012', 'Windows PC - Chrome', '2025-04-12 15:30:00', NULL, '2025-03-13 15:30:00'),
(3, 2, '45429eb386547313b8c916d61154dd6a1c47ebcb263c4f668e92879f083094e40aceb4e4bdb45228121701ddf827136e8d478752c9dbdec97b899461e6fee72c', NULL, '2026-07-10 14:54:55', NULL, '2026-06-10 14:54:55'),
(4, 2, 'e815de5f0ca5bb4e77a205f65d0bd1e6c196e1f34074661acb6fc66681d06f3b43b91f2dbd7d51b9551cbfa6f3c98d112d4b5c453f446e9744418aa2c4675628', NULL, '2026-07-10 15:01:45', NULL, '2026-06-10 15:01:45'),
(5, 2, 'f842f2663131ccce5f9a0e13fed852cf2ff0dd6f80e351a3bd6f63bf2b9058feb33b27a722ea83fd86c3fad7d3d3f9636fe2aaefca4495a380b5ac10ea50f2b5', NULL, '2026-07-10 15:30:36', NULL, '2026-06-10 15:30:36'),
(6, 2, '1f797c1e8f908ca349c2b46e9e402f6ea012718909766075683c8be70e7b7610ab903ceab0f086cd182ad9cf6f379628cc5c7a1ba10409e01415e2bbc28ba010', NULL, '2026-07-10 15:31:51', NULL, '2026-06-10 15:31:51'),
(7, 2, '8191857fbcfec0dd24e6928cd0851854e82fac33e189c5840641149e01919b4ab859a5b147f995fc7f99b7936ddbadc927f98cf9264cd764728d77ddc1da48d0', NULL, '2026-07-10 15:36:35', NULL, '2026-06-10 15:36:35'),
(8, 12, 'f5b5c25cb4927f2d0afd6a53c24a82257a91e5813397699745c9bb9d4ecdcf57d756891cdc03285a806b86aa41364d8bfb405d0fd733dee91167568838595340', NULL, '2026-07-11 08:15:17', NULL, '2026-06-11 08:15:17'),
(9, 12, 'e6ab8a2e8010a32cef06e3852a14f298a76f3896a7dcaccf31139958cda17a2cb1ac952d4acea5b331cd121d1718b0d4778dd1359340a7d269763d85309bc800', NULL, '2026-07-11 08:21:32', NULL, '2026-06-11 08:21:32'),
(10, 12, '632a20753c584f569c4ff5135c0ed3367b3b31e881cef6659a7a252cfc4e70584696f1fd9b41d58e806e99cddd84a3fe329155b2a3c5e698feb354ba8a3adb91', NULL, '2026-07-11 12:14:52', NULL, '2026-06-11 12:14:52'),
(11, 12, '533125d9db7398a2fee3e48427a4b9a1e3f944c59391a6278899bb60294f43db2d337c9d3f9a818062730e5f496fccd8c44802660257208f29658a827ab631a6', NULL, '2026-07-11 12:24:44', NULL, '2026-06-11 12:24:44'),
(12, 12, '86ad87476f8c1ac5cff1f707f8a66a67e36c2220fea27544ea85ff19b13ea650419f9608027871260e9f24838ee2635cf68c8d0c7749a7b302e9607175972f7f', NULL, '2026-07-11 12:29:18', NULL, '2026-06-11 12:29:18'),
(13, 12, 'f3909083b2ae3d8822167a04f8c9584bfa98ddcc59af86d9518852ff3bf38781aadf38e7de2805c194c1c5b5b3e216ca03b3ee6a3aff8fd916f0aaa6d5638661', NULL, '2026-07-11 12:33:08', NULL, '2026-06-11 12:33:08'),
(14, 12, '304000f0ce253d4add7de764f1d1de5134bd336880e137202fb8016e763baf8b74b119ab70aa2609cf4577e79fb4bbdef2a3016b46891b72892961e36cfd5b6a', NULL, '2026-07-11 12:39:14', NULL, '2026-06-11 12:39:14'),
(15, 12, 'e77d4041d34a6ad47880b7420a184be6f3e7f9cb3a96e160cb2682912427b410e97161a1a30510c8f1abdaa9be02680ca3376de5b7c54f69e2fa30f2d2577ef8', NULL, '2026-07-11 12:45:10', NULL, '2026-06-11 12:45:10'),
(16, 12, 'f8d8f518f8ecf840d2c1eb583f7260b3b93c81841fc8094347e6d63e7243f71eea98f200e436293c47569213fd5bab855f1e0e2f0ccd31baae09ec076577bf9a', NULL, '2026-07-11 12:53:06', NULL, '2026-06-11 12:53:06'),
(17, 12, '41442de2408f8c0f43e7147de47e59170ebac322ffd49133e128ac9c7ff65090c7a1f828d2c23a170789662e1bf4af497d0577fe04c894e4b3d3416852d2e45d', NULL, '2026-07-11 13:24:28', NULL, '2026-06-11 13:24:28'),
(18, 10, '5df1a67749a1be1c7e305f5b24ea70e16e456bca0cd90c114a3df87dfc035083b49cc4b257fdb4e0c9657629b5a5ed86fd33136a8dd87ab97a24e24a5e2f95bb', NULL, '2026-07-11 18:19:37', NULL, '2026-06-11 18:19:37'),
(19, 10, 'ed9ed4e056035369e62c743d5c87dfc8902d213d2b7172f749db4cedc14e3abb8e21d4c0b3c10148008f30659d2f8dc03e80e4d2f93558749ca2a5a4e951c11c', NULL, '2026-07-11 18:33:12', NULL, '2026-06-11 18:33:12'),
(20, 12, '86c14a4a4a3720872c79c214602cbeb6ea6e8af2e4bf387f09a346898201018c8db49f3ab3496afca937f4d922325bd96637a1ff3957b7f7b92e16cec248ac41', NULL, '2026-07-11 18:45:31', NULL, '2026-06-11 18:45:31'),
(21, 12, '88e132b3a476aa18157c4deeab4297a16ebf9096f322b1fe8db61dd5651e1d7e0bfd93af4d90b3ca31ff8e10bcb8d67dea7d321b94d306b8994f9cab4b8acd14', NULL, '2026-07-11 18:50:55', NULL, '2026-06-11 18:50:55'),
(22, 12, '24e5f31daf6160831a38db0bfc19b49a597adeb4b90cdb50e3451633f2d3ff7ee1fac553611ccf0a3da3ab785b7f32f880de6951527a69f37a905232ebcc13c5', NULL, '2026-07-11 18:53:36', NULL, '2026-06-11 18:53:36'),
(23, 12, '695b5de2e42c9245bc678d247e44ede1318c33a085310d83141b4749098a442b75a25570c0a3deb70a1bc4746cb19f6e8407323033e781503fcd5be4388ae16b', NULL, '2026-07-11 18:56:21', NULL, '2026-06-11 18:56:21'),
(24, 12, 'e97df7a0a533c8685d4954157c9451c92aaa43e3061f48c6a1ea1fc3bcb1f2435051976e65ecad21ddd726134e920156e1a8875247124f7d7a96a40c056e4286', NULL, '2026-07-12 07:53:46', NULL, '2026-06-12 07:53:46'),
(25, 12, '6e5790da088e2327aaef939be2c23ec4b998a260aafc1c35688ded434e661b9ce80140db895236c8ec947695eaef332235cc42084e27eadad4bb83a438741904', NULL, '2026-07-12 08:04:44', NULL, '2026-06-12 08:04:44'),
(26, 12, '5351c19576cc7da8f8c9a1b4c6390afb390bfb62fd3cee0c8ceb739d05be471b5787d20849013b7b3084fc8af3885570998fc7c4eeb37f1c911a1cba6649be8c', NULL, '2026-07-12 08:18:08', NULL, '2026-06-12 08:18:08'),
(27, 12, '2a00f6b96f64c2003b8f31693fdd368daebc35d3252a2a1a3d55c3fe8af2509c177ad5bbf1115c13ce798a30f3cc4de20f699966a12bb8b624b087966236f43d', NULL, '2026-07-12 08:18:54', NULL, '2026-06-12 08:18:54'),
(28, 12, 'd4d16a281d56f4ef09980aca8aa527b6b35aa687dab72c4dc0e07f65ada618ee09910d1b97b65bca7848058d78b10b452915b923b22c96449c0534c8f2446c9a', NULL, '2026-07-12 08:22:18', NULL, '2026-06-12 08:22:18'),
(29, 12, 'c51f1c64282210a30ecbb062bdafb98637282d4896b9191a43b4603368135949b00766f5073a258bb1a8a70df53ed089d746b2517b8f9f81da00b343c33bbba9', NULL, '2026-07-12 08:35:31', NULL, '2026-06-12 08:35:31'),
(30, 10, '5d7149c7f6ec6b0b75ca9b74d94a82bf421e2b32a58fbc1b01d39671e81de0fa334420e4cdbcbb8e31d50d813cac8a4d88939a2ca50cc7d3f773b6a20cb32d7a', NULL, '2026-07-12 08:38:59', NULL, '2026-06-12 08:38:59'),
(31, 10, '6b91089271a1b9da2e659a694e685e0ccf0304acc13160be3fc7c75a7d870faff04bb865af0820e3fcd4bf18d9532c393eae6abded71d02e42c56e4d424f4598', NULL, '2026-07-12 08:51:32', NULL, '2026-06-12 08:51:32'),
(32, 12, '881414577425f48d7f4ae2b51acb71ecbed6dcc9c21b872f7930fbd8d97e38bbda22d9508707c4e6f61d6ff2b4458a17d9fda15c55c5621345a30ac1a9ba8735', NULL, '2026-07-12 13:18:59', NULL, '2026-06-12 13:18:59'),
(33, 12, 'aae977672ceab37fac8933544759cf010d9fd93e2439f651363e6ad6d2f397d64b35cfee95e5dda09f7995c32dd41f040c98bee1e7853184789abfbea0ee3e2e', NULL, '2026-07-12 14:27:39', NULL, '2026-06-12 14:27:39'),
(34, 12, '39cef0a23e66154119742ae86d1712ba9c7913be4ec163ce62abbe9283fe76dae10481d1864744ee912189219c11b30259b49e625a0442b858f9ad3d0436ca9f', NULL, '2026-07-12 14:30:19', NULL, '2026-06-12 14:30:19'),
(35, 12, '7c4fbeefdec9f9455465ae95941a20067b5e9d8e7c861f525b63d54c85fdb9d2fe0e4bf798d606af19778e36e22da43b306db2926a205f712254c33636f18831', NULL, '2026-07-12 15:01:52', NULL, '2026-06-12 15:01:52'),
(36, 10, 'c5bae87a522e9ca72abb8abe06d67fc44b2d1fbaf07e59e1f314565f41eaf137eb5d310edfef327f6dc9147fe343863b31688044d1a701188da5b1bd0cfcfc2f', NULL, '2026-07-12 15:05:50', NULL, '2026-06-12 15:05:50'),
(37, 10, 'f8fba41ab7886e64b2c818649e4d2141307ca57733ed6664a65dde56bbe4e0f0b58763d73fa758e566de982a99cadcd205c03948681c91477495b71625251b40', NULL, '2026-07-12 15:16:21', NULL, '2026-06-12 15:16:21'),
(38, 10, '76b288496713a5634cb0bb8a902dce59da7d5adcc9ac2044a62be1e5bb1c3f86e12e99c86a72cdf1d51f797bd1370b80aa47b5896fe4c23e8cfe14b74de12eea', NULL, '2026-07-12 15:25:11', NULL, '2026-06-12 15:25:11'),
(39, 10, 'a038bea2737fc6424ffb05a3fdfbe8e943c4d3534d635d2032accb0f2cabe0e4d0c0cccffea4677aeab58026cd5d554da2b67a917d054f43b382aadbe5f9bbcc', NULL, '2026-07-12 20:22:50', NULL, '2026-06-12 20:22:50'),
(40, 10, '6190e4f871966a9978b2773aaa855abff9cac82f5e3d821b9e66dfc0eb29119ea8b79c3b72c9fa30f0fe0c30e0d4ffb1d248ab55191b4fad9de69ea9167f5dd1', NULL, '2026-07-12 20:24:04', NULL, '2026-06-12 20:24:04'),
(41, 10, 'ece81e2cf7871a1a96a06249aec0a191aafa7a8991a134671bd956f7e708c5889afa6ce4e88814c01613a92cdc091f40117546c2ede2d4fed7f79809b3d13d44', NULL, '2026-07-12 20:35:12', NULL, '2026-06-12 20:35:12'),
(42, 12, '39dd7e2d021f87f926f0948f07da45bf377f9d92a34a4fd2788258a39feb0e60e99c27dc23dd517d436eef52254807c999fc849f76be7ff63afb1ccae72a01c2', NULL, '2026-07-12 20:39:46', NULL, '2026-06-12 20:39:46'),
(43, 12, 'd477e7a760caac5427e5bdc900af74a4755784368022459f3aae1c3badb6d274f6b9e504b62cbd0fde43b30eb65bdebb5724f69dd86d19b360446301aac72e5a', NULL, '2026-07-12 20:41:36', NULL, '2026-06-12 20:41:36'),
(44, 12, '99494efde52193e513f75fc0ba4e0607de6f0b6969d74d94985944b70cd23831557d0c7c0fa89ccdd9a7aa8b355d9a11a8d7db4d6468f5367f80c874dfec5379', NULL, '2026-07-12 20:48:47', NULL, '2026-06-12 20:48:47'),
(45, 12, '6f8208c8a51122c176f3a1d9d003550b3221e89660a11f33eaf7d00c3f5279d39081ba98c45219b156a3e6066a5f20229ec160354071595ca1e81369dbca370f', NULL, '2026-07-12 20:53:45', NULL, '2026-06-12 20:53:45'),
(46, 12, 'ef412ac4a5a11948e775da01b057b06f37002d473ce7d1936ffd366ca0a1bb833f3a2adce436272cadfea9fb84ea454717ba9543598675409da339503c917276', NULL, '2026-07-12 21:04:46', NULL, '2026-06-12 21:04:46'),
(47, 12, '33b27852cfdf1cd99949990af84d5e1ce48a032a551c92d3eaee846064de8a801504f2d6a2d1a221c8b39c6714d78bc8aaad0846280874d1c9e07f9ab622d584', NULL, '2026-07-12 21:11:39', NULL, '2026-06-12 21:11:39'),
(48, 12, '3aed7c960421ac0997cd4216f85ddc8a6bfb6555f260a1b76a0f735893e04ac4dee3fbf7d0ebbb54dab4ae7d16a2bef6ade5f2c181a34e2f319a92f784f46c72', NULL, '2026-07-12 21:18:43', NULL, '2026-06-12 21:18:43'),
(49, 12, '31c9233231b2fe359627642933dcfb8b3d4b72ed6d33309409f9ee0db0223cc17ab7d07031da0ffbbf1a0b8c808e3bbaa7248aa63976f2bb0f50c8f755fca1f9', NULL, '2026-07-12 21:21:30', NULL, '2026-06-12 21:21:30'),
(50, 12, '4b6e875df15758001985bf506e3273682e69f4a052b00c81b1bb9d77db3762ee70cbd568387d3d262be44d07d117fa720774d6241e670799400625cb1d21326c', NULL, '2026-07-12 21:23:15', NULL, '2026-06-12 21:23:15'),
(51, 12, '995fb990c1b660c4109df3411e573af7acc6ecfad19f3c545b290bc6ae3ad18b461ba4b129a89feb88d2a82cc0d6fde96aae0f711ed671b19d5c0ffb426e7973', NULL, '2026-07-12 21:27:28', NULL, '2026-06-12 21:27:28'),
(52, 12, '45ae8d3690cb439677a8e9e5ef89a8a45c3cfd8e959e6fbe39de501c56ef420975a39af5b3058a5c8d6f777f06f4242595a94af00ca33adfd600c9ee794e7117', NULL, '2026-07-12 21:36:25', NULL, '2026-06-12 21:36:25'),
(53, 12, 'e64637092d1fc8f383127f8b4ec98d074418b677c815bb4f618c1264baaa9f4d53e01bbab70ccb4ae79f125aad2f9cdf06d8e2c8edab8b9333e314b36ff924c3', NULL, '2026-07-12 21:39:28', NULL, '2026-06-12 21:39:28'),
(54, 12, 'b50b550e630fd8a97d9d41e25dc6862eef91ac244fd2ff3fb9222fa1dfaea11ec13ee69be51c7b771ad11e7a4ed6fcb310aff42e73bb991f0071d7e95f7e5c21', NULL, '2026-07-12 21:42:20', NULL, '2026-06-12 21:42:20'),
(55, 10, 'fbb871de467535153023f5fcc01e7c6e3f159f2e352f72a54026f6644c1a36e9994f30486a72982d02c225a941a8b88af43b7bfee1b91955fb8982009a164f25', NULL, '2026-07-12 21:49:35', NULL, '2026-06-12 21:49:35'),
(56, 12, '73a34fde44e6459be2bdfec6f7e3b9e93b021038889bd02431f352999225c773d83d975fe2d9e0fb5723f96b068ecedce35c3e81cc1c5614e35b34ce59c49ef8', NULL, '2026-07-12 21:54:32', NULL, '2026-06-12 21:54:32'),
(57, 10, '124c74fa7aa13cb19f1e158fbce5694942d84afd54440d0424caeb20ce9d183cc37d9c2558c74aec9266df4895fcb0091738708901799ea25e8fd53f3c93c57f', NULL, '2026-07-13 18:12:36', NULL, '2026-06-13 18:12:36'),
(58, 10, 'dce78f4e964ff82ee10740e37459c62f205265c24f3dc76b03a6c02c146bee45e2b3925cc0790c0d29e4711ce33698d0bf656d3efb5acdc170af9b2aa5763879', NULL, '2026-07-13 18:33:40', NULL, '2026-06-13 18:33:40'),
(59, 10, '833b483429db336caeaf7e5a3fb9b0845fc4987ffe3efffafc3815d559902adf6fccf02af21ae4ac252d3ef56c257f5cd1e6fdd79bb93f703b02db07e9a78b37', NULL, '2026-07-13 18:35:22', NULL, '2026-06-13 18:35:22'),
(60, 10, '1c7a57d4b066f50cbe018b09d38c5141ed5ba031bf480c58700ca16e4979314c14fa06a00ac2524a28c974c94327576354e1ec28b41f7a22ca62a5e5f0aed2a4', NULL, '2026-07-13 18:38:42', NULL, '2026-06-13 18:38:42'),
(61, 10, '959a28109a1bf52433e1e269b66749e172bdf865ca6f860ec3dc3452b3e26661b62ee343e8dfc0cba466cd99e1c8b29aafde239e7139d5f8056ac923a92603d1', NULL, '2026-07-13 18:39:58', NULL, '2026-06-13 18:39:58'),
(62, 10, '7e6a9646cd64e1c0eb5ac01bde39f70f82df1d440b5cb6c0d6ff556512eaccd63a654d70c1fa17a8f5936a92df5ac3f2fcc86f9911bbc34a70637428888ff4a5', NULL, '2026-07-13 18:50:34', NULL, '2026-06-13 18:50:34'),
(63, 10, '62a41473ccf4f4147fcc9dad9405c2f9f6caf0abd9ae4c4fbfb8b1137dae313b67607e4fd090cd46149f92e6a521faa9d659a3abb96e3d734573b86f13ddb0c3', NULL, '2026-07-13 18:58:34', NULL, '2026-06-13 18:58:34'),
(64, 10, '69c733c31558d8f298187651e1a83ae23d054d5e82b3293068b49c8fce9b86c8c72a67f52ded4aa36dea3320d9382ea6616e399ac563395304cc05f773455c40', NULL, '2026-07-13 18:59:54', NULL, '2026-06-13 18:59:54'),
(65, 12, '7ab9463803783da6d8a19d0091508be910b402d786b81fc5025b0d0b519aae33b0d5cda5c0b0fc76c155593b152d83e97bd83a113b59294c7a00230b2934fc37', NULL, '2026-07-13 19:02:42', NULL, '2026-06-13 19:02:42'),
(66, 12, 'ee46084e5d4bd178719251e4b92c8077a84a2c092efd6042411ada044a24b5e9ce96e25808ac77dc185454e7dfbd32a4630586d446820375dfadc5b4f7b10a4f', NULL, '2026-07-13 19:04:28', NULL, '2026-06-13 19:04:28'),
(67, 10, 'b14ebeb7f897fb2ead85f6e929c848064c69d8e34b04a2757ff825cdd8a7a044d385a358efe34d580fd4874848117677bcc24ee5ad89e7e4c7f063e05ec0fcae', NULL, '2026-07-13 19:18:19', NULL, '2026-06-13 19:18:19'),
(68, 12, '50a2f4abaeb2d9edcede39ff6e23ac2eb6193d2a6e44ab14163c1bd7abfdf23be2afbedc151879b51b94b3650dee061023b2e6f6f892d2401653a6bc539887a6', NULL, '2026-07-13 19:21:03', NULL, '2026-06-13 19:21:03'),
(69, 10, 'd6261f8395d607050b64109a969c8a4f5c921a4e2e1bdea61c339c5192e711af33183997f0f500ed859b92fd79f83939cd34840d0a104c4445035853423c4658', NULL, '2026-07-13 19:23:07', NULL, '2026-06-13 19:23:07'),
(70, 11, 'fc3c901b0776251c70df6407393b7b638cdc3e649bc8fd892cf5956b10f1e2e9bed44b9a76e93c23b85764d43a2ca6a88e7d21c04b07aab089ca31f6b207f307', NULL, '2026-07-23 22:42:22', NULL, '2026-06-23 22:42:22'),
(71, 14, '5ec06917c678979619e1e7f1bf86a6988a9a5bad980b51351a693dd0996dd0605cb559291d3e814cb838cc19623c7239c51e33f954ca850bf33c6960db18fa70', NULL, '2026-07-23 22:46:16', NULL, '2026-06-23 22:46:16'),
(72, 16, 'a140633a070a7aaa1f41a28ee32320e781b792f81927d3c1ff864decdf5706a08bb7b182da8c187a1f3d9030227eab046b520ec554a7c7b1c22b4ca9c29b1c44', NULL, '2026-07-24 21:33:57', NULL, '2026-06-24 21:33:57'),
(73, 16, 'c1f3f789b5a09694d265c768bacce1717a06be9c49836e7b7a0504ec99a9114c5c1c58b8b54bf1a5c7396d6de15fdabbff307add2e391773ef26705ad8f61e12', NULL, '2026-07-24 21:49:46', NULL, '2026-06-24 21:49:46'),
(74, 17, 'c49930fa6022e5fd697dc58bac6666af51064e8bba2cbfe889fe06c688ff1f9b8320d45a7a2d2d4b40aeecb5b53a4f0c0fce1e3a2367bd0e623cec216f75a212', NULL, '2026-07-24 21:51:30', NULL, '2026-06-24 21:51:30'),
(75, 17, '57c12df8696a549180e863719f67e837c1f639299e833a2afdf84023042b35cd86fb318c309a702616fa156c568d16e6cef2bdd416022453a6f44df4240d8991', NULL, '2026-07-24 21:58:25', NULL, '2026-06-24 21:58:25'),
(76, 17, 'f00868ca6fd40168117008a8af45bc0c60b73f8983f55871d02eaa0df810f08839527230c9e0ed89c44a907232fdd0cf797c47e7902ff186848dc8c9f514452f', NULL, '2026-07-24 22:05:22', NULL, '2026-06-24 22:05:22'),
(77, 17, 'c4de913ed8488181108c9777344213c1756f325d2a5980e0819d4b1b22c3d6fabb088457734de20f589bf63cd1f7fbe0f8f16fd0cb7db8c2846a8439f5ed33eb', NULL, '2026-07-24 22:18:05', NULL, '2026-06-24 22:18:05'),
(78, 17, '5dc61dc70cc01dc72701ecd55102f5af552878da874575eaba3d3dcb5ce334e1af590894b15610a8647ec2e316383fdedcc3808ce8bf3c92c061694468b0a3b6', NULL, '2026-07-25 15:33:43', NULL, '2026-06-25 15:33:43'),
(79, 17, 'bdaf618231892a722bc10e36b8abebddaa068034bc6f74dd7d6f691ba7b4a6925d9bd7df6fdd4ab4021e57ccad2405bffc335ff1885d20e3f31a9f3d81eed6a4', NULL, '2026-07-25 16:10:15', NULL, '2026-06-25 16:10:15'),
(80, 17, 'fe2dc6b53fab217d99474b74957d72e8511a48dd0d837e6fa35c0c9713165d22512c84a208ded0076c75b096835fa44332ebd224162d5a49752d80b192501041', NULL, '2026-07-25 16:16:33', NULL, '2026-06-25 16:16:33'),
(81, 18, '2fee9a69403b6fed059d568247dfb6fb29bb9e4ac1644e507f7f39c9d4db220458488cdc6d301a71e25c37db1c3d60f2be8680fc503aab4f62ca938acf28503d', NULL, '2026-07-25 16:20:34', NULL, '2026-06-25 16:20:34'),
(82, 11, 'd384716a555b0a17727bb9bbb3a7393a30e85f8715ae5300a0cbb703dbe6517949cccbb3ee7c2e9e2d4f4f3ab774e9866c355fe2b698682859693ce0a05e5e69', NULL, '2026-07-25 16:25:06', NULL, '2026-06-25 16:25:06'),
(83, 17, '8b3ef062adc63a33021d276db50b64f8f014703b9b345fec590980cb5a33fdaa9326dd6ac3b6ae3f1cdf4d8f8cfee075f800c9b84491e0cee7f85f4710d727b7', NULL, '2026-07-26 17:57:55', NULL, '2026-06-26 17:57:55'),
(84, 17, '7a9e5c974e438f34d2247bdcb10cca115139b41c885f44b1f7ebb9e2a15a5726ee6ed717e03584e976df46f4e911c4d7888f624650d415afdac15f5206ac9436', NULL, '2026-07-26 18:07:56', NULL, '2026-06-26 18:07:56'),
(85, 17, '4284d8cbac63f0d480d8071da35e0c15c998e09f734a43cfdc6b3efa90fadb8a6d0ce39961ab7240c2ded524557db4eb937e8d7e86bf04d11eb4cd7bc9a9d016', NULL, '2026-07-26 18:13:08', NULL, '2026-06-26 18:13:08'),
(86, 17, '6d1b53fa42f49ed534966c8ae84cb0fb81ec29b11b3e799aeae30d00e9d304550ccfb397a5997fb7b2bed8b8ffe9e50df86b1526f47fecada7f76371179e8599', NULL, '2026-07-26 18:16:46', NULL, '2026-06-26 18:16:46'),
(87, 17, '5dfe72b099a014c95836c9bdc30d9ecd99877c9de0de4ffd7db41d2c72be8535644c193af7c20c7bc665fd0e8e3513b90a47b500969ed7e6e2dc310b30456fb1', NULL, '2026-07-26 18:18:42', NULL, '2026-06-26 18:18:42'),
(88, 17, 'db43456126b44378058bf6322bd0d3ded02f56cc91066bdf78f63270638a8d934d75b15692f98ba3ff9e8970b6e86c79cf8688f75a2a0dd5a78af846f198887e', NULL, '2026-07-27 11:08:56', NULL, '2026-06-27 11:08:56'),
(89, 17, '1a54662d4efb0dd0ff2c1e2e9aa43c9a9f82b8e38f988cf96ca20af9d8ff48ec46e0dcb53da9d4374927a35dee915a3142c4da99a9d09d47e818254f31ab1e60', NULL, '2026-07-27 11:21:47', NULL, '2026-06-27 11:21:47'),
(90, 17, 'd08d0d3baf69fd6065a62fe9677717ee78d6701b37be8b249a23b3468714ab687f4b1bf39da61a3a80df3b1e69c0d1cd59cc075f00147392267d9ed51e3e8372', NULL, '2026-07-27 11:26:10', NULL, '2026-06-27 11:26:10'),
(91, 17, 'df7d4fe3e7a49c82e8e24decd796e71c9b0d3fbdacbdd016b278cb70697af971a9a8a870f73f3221b2537970e561697abc217cb1c8d3008a44472c7ee69277d7', NULL, '2026-07-27 11:30:22', NULL, '2026-06-27 11:30:22'),
(92, 17, 'dbf4a56e3f82d3d41b5721ea3981f4b5ab8b698ccb5ef68e3ed1ee09146ce9613b328bae16f5df7e8f9c9fbf249f79d61a392a8f7db54e4cbf5ec5f2faf7a22d', NULL, '2026-07-29 21:10:12', NULL, '2026-06-29 21:10:12'),
(93, 17, '22f9597ec969eed2d92bcc8754c0e05c1d131d1ec4b162a323a82eed9df7f17f43fe9847c3a1332d6e7b5f014038dbe1072d5a856a4efa3efe750266570e01ea', NULL, '2026-07-29 21:18:18', NULL, '2026-06-29 21:18:18'),
(94, 25, 'f852079942abd28701ee22a69fd1302d5ba83c1dcdd6f5b50d348bd9035b4e06c1fd1ed0c70ec060cf6f5faed3c9902081d67b72d3ef940038354c7cfe3245dc', 'web-nextjs', '2026-08-01 12:24:00', NULL, '2026-07-02 12:24:00'),
(95, 25, 'f40ca89781abc1102252d4fbe991f507843384e3b4df6d55788e125fc9a6804b71edcc146ada616d84cdef5cc15a4a673912279e91ee0cbf3f1bbccbfa88a695', 'web-nextjs', '2026-08-01 12:27:05', NULL, '2026-07-02 12:27:05'),
(96, 25, '0e7480edc12b69062a9ca1306022e8a50240dfae50b9fcdc9b7b00febaa14815414698ee45d06230ade36903d8f6651ee74d7b54d77cdb857458849560bc9a1f', 'web-nextjs', '2026-08-01 12:44:58', NULL, '2026-07-02 12:44:58'),
(97, 25, '8e4eeb0525f64c3d502d2e197f5b83082c572295fe78435da6094a7e768d6f6ddb439e822f263186e5980d382e08eb53ef48edf1ad8b2e3c54cf9422c80e4929', 'web-nextjs', '2026-08-01 13:09:37', NULL, '2026-07-02 13:09:37'),
(98, 27, '0ca8fb7709a509b758f569bcb43d519632cfa33dd32d3ad01d10c4afa3728cad03f38046d64d4c146c65a5bdff0b7929b7942c11741783fca526aac184821bb9', NULL, '2026-08-01 13:29:40', NULL, '2026-07-02 13:29:40'),
(99, 25, 'b434a27d0175e093a192e1441b8cb314b6e39063b4a760a1ba89a46f33dd17647771111284c42dd1fac7e639b8bd66f5344afb0cf2abbeb2871ab412150fad20', 'web-nextjs', '2026-08-01 13:34:30', NULL, '2026-07-02 13:34:30'),
(100, 27, '9b6832e4e317a68a7eed8d7982b7c94e295243c233135998160e18ed729a80824bdd557e3df0d1e001a83cc854dd9f4fef00e2c265b9c32c13c10fd29912340b', NULL, '2026-08-01 13:43:41', NULL, '2026-07-02 13:43:41'),
(101, 25, 'be18a3f54b8f26600cdb6a8ef69bb49bdf2e0823f38f46bdfded10b094773f8d288ae54281ef59b4906e23d815f567da218a9b48fcf3377a5603c70e57cd61ce', 'web-nextjs', '2026-08-01 19:00:22', NULL, '2026-07-02 19:00:22'),
(102, 25, '4b632cf50006dcfddbf32e96bb3fee365fcbf90f49c143d1f36ecc8f7f01da1f4a23b69d3a2586968a62c0ae54830d766f02705974cc247cbfa5bb404777e63d', 'web-nextjs', '2026-08-01 19:05:53', NULL, '2026-07-02 19:05:53'),
(103, 25, '2b9466e0efc91ac0ddf202dce2b4b3a771d70509210e2d021f9989267b251148cb7ddf8c42dea91feb348b38d39f62c487b7b1ff93a4ec2a521c949a524e81ce', 'web-nextjs', '2026-08-01 19:35:51', NULL, '2026-07-02 19:35:51'),
(104, 25, '92efd98ea3793a91d3ea9a2b28f8aec0f1e2f3708941d7792f805f04666f707c0963eb6d2e77d416376f00a0687154930e2f9cd5e364e3920d985c7d00ce855c', 'web-nextjs', '2026-08-01 19:43:57', NULL, '2026-07-02 19:43:57'),
(105, 25, '2b5f0248b993d0a36f7359436da0e5cd28575a69814d02a78937b194f921a4728c3815b5e5df3f228a3ae99684534b618f80fba3cb98f0ad301fa374f610c706', 'web-nextjs', '2026-08-01 20:45:42', NULL, '2026-07-02 20:45:42'),
(106, 25, '56b5209ea82a7ec4825774f1f9930f6795cc91bab58c9ca367a55025c355d83b74ff53db7d9645d6ad72accd672af23e5917bae3bee0259644a092f8d5cfa957', 'web-nextjs', '2026-08-01 22:11:14', NULL, '2026-07-02 22:11:14'),
(107, 25, '95dddf25574c563f7aee8895b6569ceaea903c2958ba83823bec4556b8671de03ba472e258faf2982f9e7c650e417611446d8173285d23fe87fdf21274e3f8b3', 'web-nextjs', '2026-08-01 23:01:55', NULL, '2026-07-02 23:01:55'),
(108, 28, '2ca93c30b84704627e3c74714dc2cb5473caa848e834f55920832f1bfb65ef150c85ab6e07d730159db53428169c1e8c8c18895257e7b4b0cb840761163e05a8', 'web-nextjs', '2026-08-01 23:07:09', NULL, '2026-07-02 23:07:09'),
(109, 28, 'f715510f52ab46323905a28fcb1c4d44ace02cc70a290ff9546b5ce5504d85e0cc154857ce2454100d8edfc599c4b6e49ccf9e374e879358fb15a151a5302d64', 'web-nextjs', '2026-08-01 23:08:21', NULL, '2026-07-02 23:08:21'),
(110, 25, 'df1d80edd3374c05fd4a547597c13f2812d0d21a9609bd4e43eb1aa04c5211008be7de78681607f579ea1f2db936e71d6bcd685c6d29752f048b57d977bb346a', 'web-nextjs', '2026-08-01 23:08:37', NULL, '2026-07-02 23:08:37'),
(111, 28, 'c98e8ae0fa2f585bdca2039702855faf8123a5a45a894d9517110b11469b6e9a33167346e6a0423f43d70fa0c730150b55f47c7960ee608a899a02d23d79122e', 'web-nextjs', '2026-08-01 23:13:40', NULL, '2026-07-02 23:13:40'),
(112, 28, '3e78f3c0123daa9123f1683a5ad306b6c188c7c39358eb86a124f67b63b2b1db51be52040e1aa214bc016ade1cda5ee8f7009b3bbc721d306d618ef54fad96e4', 'web-nextjs', '2026-08-02 09:00:34', NULL, '2026-07-03 09:00:34'),
(113, 25, 'ead302482cf2c3ce7665f0a9c2591002a2c4981035699cb5b445a3f3e8d9ebf7697a9478a625fccd2140734c5a5d7e3da6d223ecdb4d6f06b3b7f0f41937fe07', 'web-nextjs', '2026-08-02 09:06:15', NULL, '2026-07-03 09:06:15'),
(114, 28, '74a239dfbf2c4ecd2a4192a0a284a31493eb8924baad0711d6b947579842a83bf1cfb41fd743e5dde3d93cac773e57b4183ca2b1b10fda1cac174b07710d2ba9', 'web-nextjs', '2026-08-02 09:16:25', NULL, '2026-07-03 09:16:25'),
(115, 28, '5eebc3ad52482550ea1aff9fad3daa8480a3f597286c65a4b564f2f780df53a29c85a5a06dc1bd4139979f642327fdd81321c38f72454436b093c2c06b3ec2ff', 'web-nextjs', '2026-08-02 09:19:01', NULL, '2026-07-03 09:19:01'),
(116, 25, 'bed31239a216836440388b57529741739990b24779e4e049d10dc2a5e1d53ed29048b723a5b6f536415db932361d8e2b2e4d85db438a9d4aabc1b914f8c976d6', 'web-nextjs', '2026-08-02 09:19:12', NULL, '2026-07-03 09:19:12'),
(117, 25, 'f0b4f1514d077cf54ff1e4a6e436ce8efc655255e13928452de0257e2c430101ddc13489a50cb0e2d137db7492a021bd43227c15527b2c567f9885af79e1a28e', 'web-nextjs', '2026-08-02 09:31:10', NULL, '2026-07-03 09:31:10'),
(118, 27, 'c4f255b0442b3d6cb4aaf1e01370da204c530facbc32ed847cef8d5d1c0078a0f3be930a431a15b8935d66aa5e21c6161e1a2ec6bf6984cdc6fd3ee6359d7239', NULL, '2026-08-02 09:31:24', NULL, '2026-07-03 09:31:24'),
(119, 27, '66434ffc753bdb76be892433bcabcf36e69c391f84913280b8378ebe8fe3605bea1f006e2a564fa7395353a081402667f86dd2ac91520402b2afd912a0e3cba8', NULL, '2026-08-02 09:58:39', NULL, '2026-07-03 09:58:39'),
(120, 27, '699f6af9a38faf9953f295e5de60738679b12618ec5a9d91088a4286a606b7f2b86b33d5e44411f853fceac14473fd2b059c4df5908afddff96d43aae2f3a66b', NULL, '2026-08-02 10:22:30', NULL, '2026-07-03 10:22:30'),
(121, 27, '7f78a8e7360861dd793910a2409127cf40bfbad2f4eb31e4c7a150408e65677979b96f81acbd8b1f86fc47b3bdab81123058cb612ebb1c4ff944eff13fed7866', NULL, '2026-08-02 10:24:39', NULL, '2026-07-03 10:24:39'),
(122, 27, 'a0ebbcf8d9189fb7233181e08a38b7ba8409870b5842b0b03a6bb4cc2fbb7ae8dfe8e7a7f58b1e57dbe66b58ff956870654f98a26e950504828b2bca27486e0d', NULL, '2026-08-02 10:39:49', NULL, '2026-07-03 10:39:49'),
(123, 27, '0ea6282991aebdeb7a60b2ad979540f0f060ccf0bdbd088ebcd2016ab13490b30fed2ac737a9e52db9353c5845c207df07a85552c87aa4a144189abe06633f39', NULL, '2026-08-02 11:01:40', NULL, '2026-07-03 11:01:40'),
(124, 25, 'f493cbfae11a4b9b29d1ebcb31d70855a354dcd9500441074e4c362dfae095e73a3f2dffe71616ddc236d3e50b398371ff861d99b1390431180a1c18900ef7e6', 'web-nextjs', '2026-08-03 12:00:22', NULL, '2026-07-04 12:00:22'),
(125, 27, 'c06d45ab47119324750c53a6baf378b3cd42262acda5be3c4b4ba756c119738ebbdcbabf10c7e18e1a220c166921343da9c23b5db8f43010eb374f189b7ed3ce', NULL, '2026-08-03 12:56:06', NULL, '2026-07-04 12:56:06'),
(126, 27, '58406312abad6e406ad1ba8a9e01956ef242e3a706867604f10c3e1d59e9e3a1ff2459a472969ca95ec13fa46fd344945cf78365000fc573fbdcbc5ff4a22b6d', NULL, '2026-08-03 13:06:20', NULL, '2026-07-04 13:06:20'),
(127, 27, 'c6f094641a0a86c4d0007f1705204d33b0710d45cd935e6e8bf1ada455c6cde1e9d3811f7592f6438601987dd427cef7f6ed75f89e6b4638861aaa6df3c631b4', NULL, '2026-08-03 13:16:59', NULL, '2026-07-04 13:16:59'),
(128, 27, '07a10865a6d96a755b6645be8303fef80899e956c1506196547f28c04795c42331b4d57e4fad0448bfc88660a4c9dbdaadc0f3bb14697bd67093ff59377e255a', NULL, '2026-08-03 13:21:28', NULL, '2026-07-04 13:21:28'),
(129, 27, '690b46e72aed18735952941298eb26ee48a9d181173203450856c28fe9d6deb7f3f26cad7d191b4f1fa37beeb30470d5e1c5becfe1f73508c8c100abd40580c6', NULL, '2026-08-03 13:29:37', NULL, '2026-07-04 13:29:37'),
(130, 27, 'd4cd4079acd164cbb533db9326c4f8b99ea90db5f3ebcf687ee37fd824075c53351b4aace1993247f2d8ca57082907b7ae3290c3dd7e320681f8c1f6730cd07d', NULL, '2026-08-03 13:32:50', NULL, '2026-07-04 13:32:50'),
(131, 27, 'fcda08e918bdec491b00a088d7d26a9e7057c2eae72ecdd6dedc595c51cf0dd3576de80f08e6636d0aeeabf103394f56281759dc61acff6ab351d735a5be02aa', NULL, '2026-08-03 15:53:33', NULL, '2026-07-04 15:53:33'),
(132, 27, '80bff9d6aa48cc873d4f9cf805f37104636df8b41c972d5c576b1715a4bd519abd6acedf23c91d2e6d18c823e163dc10bfe4ebcf7816c9388d942f02496edaa0', NULL, '2026-08-03 15:59:39', NULL, '2026-07-04 15:59:39'),
(133, 27, '738ad621afbec6166b18f6f53ef6612934cbb83638a3cbbbe411f0104b370704a737f35784892ec7b0a21069e3ab090b296c8091a19ebd733eb461aa27b920fb', NULL, '2026-08-03 16:07:19', NULL, '2026-07-04 16:07:19'),
(134, 27, 'ed49c1620df4b12d669a4c3f3b9b19847ac2a0ac34f5caea3a27b48f300c68bbd91b36d91449453a7b4507bb23f6bc97f7ba63a330f7883b6d8c498dd7dea6e8', NULL, '2026-08-03 16:30:35', NULL, '2026-07-04 16:30:35'),
(135, 27, 'eaf8fd9a1d726484eea6f7ac4312a5ce705c89b1ed0614ee3d58d5d5863558e21cfaac2b76c141f0625c67b918245ffe20da527601feaf4ab7d822fffbcb6718', NULL, '2026-08-03 16:33:15', NULL, '2026-07-04 16:33:15'),
(136, 27, '79edae2a3ff60fd56ec3cc86239098dcff4040fe9355786cd560951d2a15227b2d99b26e664d773e8dc33cfc012be3631cc1fc501784a9ab09ff88706d4eec06', NULL, '2026-08-04 12:58:26', NULL, '2026-07-05 12:58:26'),
(137, 27, '61047cb12f77955aa403f0e81acd9960d425d7565f1c0cb0ec58c905fe71a5cb9d7f655d6a1ab624ffa55f44e5680e69ba9dba28322d47de0f78b6b945d22ee6', NULL, '2026-08-04 13:46:51', NULL, '2026-07-05 13:46:51'),
(138, 27, 'fca038c8aaf87594b94f917921ef41196c54d359742521a2d273fc471bb98409fdbeab03adb078095eeb69f4444067230d21b4f300b82691a53de79a1a8b3fc2', NULL, '2026-08-04 14:53:27', NULL, '2026-07-05 14:53:27'),
(139, 27, '7da158b0a28e46cdca0a14e187d049fdfec126c9a2f55f62e9d3a7d9d82a620a4341e0178e3fcc2ce01ce49af8c790ccb97f164eac100580921dfae28824066b', NULL, '2026-08-04 18:29:26', NULL, '2026-07-05 18:29:26'),
(140, 27, '5d33ef8b1c4203de1bfb97a3ae0cfed3ee709d6d85ff29499fb6a388381b91c6bf1592c77a7ca539501d196afb6a6f8543f28dcbdea5b27b26b8d23dc10ed0aa', NULL, '2026-08-04 18:41:42', NULL, '2026-07-05 18:41:42'),
(141, 27, '7e9bf0c14eea9732ef1f46f25c897988a82396f3a7c1f478dfc2fd18a07c7c6635e9ba73bdd768adc2f3cee17eef56791a1ae5bdce4a960ea0af72c83315ccb6', NULL, '2026-08-04 18:53:47', NULL, '2026-07-05 18:53:47'),
(142, 27, '056368a725eec0e3d6030c0d9e88740c58cdd79d0e7fd0c8c8ad3b02afef12413e8d762f0708ba78e6c00da7ba08809e6db44a26524f9c8e1ddd8d7d3aa8859a', NULL, '2026-08-04 18:58:58', NULL, '2026-07-05 18:58:58'),
(143, 27, '2e4972a87fdba32e58892f830c4ad356297655131cff3f40424206bdc680702925f07e702a4cd060dc6af0ac751eceba86e57172ea69c2d2adb7dcc89f69572f', NULL, '2026-08-04 19:05:49', NULL, '2026-07-05 19:05:49'),
(144, 27, 'bd0f8cb6523f0b6c9c0086d83f43cc699811f08304dfaad1b3ceb646eee16da6edb72736d76d1037a70b7846528e991b02e8dd7b0681856e2696198bccebc419', NULL, '2026-08-04 19:11:53', NULL, '2026-07-05 19:11:53'),
(145, 27, '2e3e03d6a69e6092d6fb67cf847a74a15f60585f4ebb9fc6cde1095be41f3cacbf7d30d3c9e22593cb280840b740bff06e868ab7bcd436a78c04196dfd484c53', NULL, '2026-08-04 19:18:30', NULL, '2026-07-05 19:18:30'),
(146, 27, '3fb0408747aadcc1f608b9153fa70e8bd3b1d067c58f02fa62c5a9338099e3aa96ede4ff577e85bd83847285fc7ce1a777fbf9ddc67c61b602450539db4abbe1', NULL, '2026-08-04 19:22:10', NULL, '2026-07-05 19:22:10'),
(147, 27, '94e86076f7aca0e2409cd3229541549bdffd4ceb784bcd3c65a829d91258814943d4fe275f8d5d01d913e9899ed750d870e3e9b18bdf0d61fa81e584af135c1c', NULL, '2026-08-04 19:27:51', NULL, '2026-07-05 19:27:51'),
(148, 27, '8bc1adc0b7d91452f44a59f5762286d3ac0726323becea9b87ae54250dca49a03bb45ad7fda2fafac826ded740e568bf138a13017c4168c7c76f6ccef4e42f91', NULL, '2026-08-04 19:28:43', NULL, '2026-07-05 19:28:43'),
(149, 27, 'cb4caa71b35cdb7bba9dbf3009c83f100637bd2a9ed0e3841a253aac8f2616d6dca2e52e63322204b938d9c0cac7d003c4c6976ffe0d57158c2c9d1d92c5612c', NULL, '2026-08-04 19:39:29', NULL, '2026-07-05 19:39:29'),
(150, 27, 'af74d4b0b51f521eff4524b3a8a29a13b1f2e3c7ffd6dc376e6fe6c159a7c5bdac9bb5b12b09abbec396c2914c4b851b8066697ce984236a8069f733d60c4064', NULL, '2026-08-04 19:45:44', NULL, '2026-07-05 19:45:44'),
(151, 27, '518e5f9ac314620c321fafb1164b27adcca3c5c47ee44134f33b54cdeb9e3df9712930503d06e6ad0d705cff21df5efdb17ee4a1726ca20ef79e8a35fb8b6fd6', NULL, '2026-08-04 20:23:40', NULL, '2026-07-05 20:23:40'),
(152, 27, '9f200aa7eb443752b9b0093d8bdd93e0bfc23434d2a9682d997670f3ebfb4961c7f57a98eaad78e2eb09b9a4dc1835249575fe8b5cf34abf665260966eb8c498', NULL, '2026-08-04 20:43:14', NULL, '2026-07-05 20:43:14'),
(153, 27, 'd162c88c1892270ddfc0d320db5298b8eee0e093e34f70dd2cd24ed021c0a1c53f26541ee1f18b0f97adb0e24f51b6574692f5ef4371bd1f710f553a8863cf20', NULL, '2026-08-04 21:04:21', NULL, '2026-07-05 21:04:21'),
(154, 27, '1e6a7dc61023aecac83d59c12a7c5271000e8b52457bff3494480e775e40b695faedfc6f47264e0f6e17c4f44086b0293fb2feefc62b05f0b13f1f41c6200b4a', NULL, '2026-08-04 21:10:33', NULL, '2026-07-05 21:10:33'),
(155, 27, '4f3dc4f1668b255f06d8b5637d78022e1060b38b92a06d1c8c0c9bd2101efc5d77baf65c789ddc69aba47171811a04e854a7977b5dd121706ecb6c731ea5d110', NULL, '2026-08-04 21:11:59', NULL, '2026-07-05 21:11:59'),
(156, 27, 'c1962b11a7dccc4c816d220a0db1d20f471b48e4905c1b7d59f1b12790334d0ebadfc47d74f0c6b2333db91ba8476316f7761f3795e5b5a2da42786d5104ca73', NULL, '2026-08-04 21:13:18', NULL, '2026-07-05 21:13:18'),
(157, 27, '2c40daf3261c0a92775eb37584d8107fdbf916708d92bdad3cc04acf0879a5dd886940b3866c22fb16bc794258739348d0c29c8b8257e9031d449728dd6c8966', NULL, '2026-08-04 21:17:23', NULL, '2026-07-05 21:17:23'),
(158, 27, '3f028ed40ba03d1cbbebe2d8f7f032601528630048445fdd82f16055538873e8faaf9efb635de1bddad1af82c1d4abfb83e2e250098149c4757892aa689062b0', NULL, '2026-08-04 21:21:06', NULL, '2026-07-05 21:21:06'),
(159, 27, '264ca31ef8f7a38c26f50b8dc51659c2031cd3f6e50d88afdd9a604c9ddf9e8e97c38fc61bc2739681476c3614bfad20b7476538e9852787df1c8e79a663d2f2', NULL, '2026-08-04 21:22:41', NULL, '2026-07-05 21:22:41'),
(160, 27, '46abae5ff300c06458065c59c0d1ee06d9595404f6cd775935c17f1316bc8b6f67d70d8f6dfa2009aa627284a08c1bb69da8757278379c8dfe941415fb311fcc', NULL, '2026-08-04 21:24:20', NULL, '2026-07-05 21:24:20'),
(161, 27, 'd0b09782fc5516a997081b8cb15bf8a13c4fc413ac3ab5032b90e21ab60bb95b233c4f6e92210a9f9a085bdf85a8823e51490d67639ec06e2c3507e3f948e94e', NULL, '2026-08-05 08:22:08', NULL, '2026-07-06 08:22:09'),
(162, 27, '86008cad07431451f542d295909e807950a77c5a235b9b66d9e42609f3365901cdb0e63aae3b2ae807e992cf70e5cef9d7fd12109ee3bc4e7147ddad6034215b', NULL, '2026-08-05 08:22:27', NULL, '2026-07-06 08:22:27'),
(163, 27, 'a18069e4a1b1e81a634d752e01ce5838c7c6e68ba887a259df701f3236046aa147f283a709d6ac850c6f6d697026e91245a0f8e79f78d8aba3e3a7d32d6c0ba8', NULL, '2026-08-05 08:38:46', NULL, '2026-07-06 08:38:46'),
(164, 27, '06ff6a42643870533ab01d26dc8ced91e3564b2e2c259577513c6457a33a2b212fb93f3717e814f9a443941d72897ad99ef2863fc338c5761025e70ed56b37a7', NULL, '2026-08-05 08:42:43', NULL, '2026-07-06 08:42:43'),
(165, 30, '1851a437400c0cb596fd1aa8355f48e0531115844ed1095a7cb4c281044230840d575ede39763c825cb4186c592c5db30c2d2f9967a65a1c23a24fd49cc0d7e5', NULL, '2026-08-05 08:44:34', NULL, '2026-07-06 08:44:34'),
(166, 30, '1ee4df9257c6c03f459556d832ebc2ddddba557723f5e3b0ba84d0a72f6005b2a0f0b8b78498021c9463dba8803d90937929e7d92c46ddf2a01de7e427200328', NULL, '2026-08-05 08:49:04', NULL, '2026-07-06 08:49:04'),
(167, 30, '920e7decac64b63969808c26eacbb295dbf500cce6a14a3919b1567319801138c43abaa011e41981cdb70584ab0936d4d530c99ed0dd0bdf98d017aacfaa531d', NULL, '2026-08-05 08:57:52', NULL, '2026-07-06 08:57:52'),
(168, 30, 'caf3431bfff8c292ef1898536b154ded1e55b7e215d47cde6fef1f72bfa8a5dbf96de72884d4c2dedc0d127a61439efc2a3c299e988bcb3f2ac781d4eaec177d', NULL, '2026-08-05 09:01:05', NULL, '2026-07-06 09:01:05'),
(169, 30, 'b4b3c7357ccd54298385c877161712ed165b9798fbc1f3ae088589b93706c3dd22310f5bfb22c3b029544408844deb1be9bd85e692f1f44508ecd0a490f3a031', NULL, '2026-08-05 09:16:13', NULL, '2026-07-06 09:16:13'),
(170, 27, '1d542a17101eafe6d55f54957f68e1577ae29d4fbbb5b6643e7950c750bfe39502605427226570ebb2479d2f56f0117dbd34aef325daf2ee287c4f9f2a5ceb65', NULL, '2026-08-05 09:34:30', NULL, '2026-07-06 09:34:30'),
(171, 27, '0219b7b87867e7068b27856ac9c05e1e6c33e1a4c3a89d2b6b12433490ef9305200e89f515e682139df627f1f8e1c7ef6fb1d2fc97ac38728dbb7818f25c563a', NULL, '2026-08-05 09:38:06', NULL, '2026-07-06 09:38:06'),
(172, 30, '9fa3ad10bcaca9370cb6107e5f091dfe7975d595512ddf95ad7b1547e0a23ebe1799b0e2a85f271beb9b1492fe7bacf3d6f7c8a97cb4369df153c21a1c98575f', NULL, '2026-08-05 09:48:47', NULL, '2026-07-06 09:48:47'),
(173, 30, '8fb8bfa41c0f90f8f0e0f21c9374a30e7d849737699575ffe64e2bee66a6fcdfe5216cd93008719726b7f9be2f2da1d41c0e2fbb04e8dd3dc0a9a581c484117c', NULL, '2026-08-05 10:33:01', NULL, '2026-07-06 10:33:01'),
(174, 27, '9a37eee6055b2c7711beeb44a793208b10e409d2be36abee9834b52fef20d657d82be16368faa81b1061f86df94e6c2549b3edbb9c438d08a47356a89619f3e0', NULL, '2026-08-05 10:50:00', NULL, '2026-07-06 10:50:00'),
(175, 30, '4c6789450005ea1faa351345248a12b81193af03c6e2778295a2ded516f62f2cd7cd0ea9faefabbcf0b6ef3e751fcb460ab5e5d2cf86a279b069bc7af85946a4', NULL, '2026-08-05 10:54:56', NULL, '2026-07-06 10:54:56'),
(176, 30, 'd58a7783b4dab25cba2cb84319668a6be7393ccde71f2fe6af4fa3279f99b85cdcc72377f713a625fcd2057f61453deda5ef7b53497e26df29e394c2a452a0c7', NULL, '2026-08-05 11:11:55', NULL, '2026-07-06 11:11:55'),
(177, 27, 'e81c3ed9f6dbd49bdfa87b849e5ecf4f5f77733d497a78e4afc14e7ceaab421bf620c637c3455c0d6421bc0daf230019ad85fe320d1cd652e5b88d8db5caeeca', NULL, '2026-08-05 11:17:18', NULL, '2026-07-06 11:17:18'),
(178, 30, '516b6f391fd3a5bafcc1c029124a05e23e6bb0d446db88bbc9674101ab897cb8a7e6b83e38d4d8968a18101ef093c761242f419023ae00552709154ab09325f7', NULL, '2026-08-05 11:18:01', NULL, '2026-07-06 11:18:01'),
(179, 27, '23a85695509fc53d0d7329ce704a93be382ea918e2d2c64b5f4d2dc9e3a8e36972dfdffde0a786e4f23208ba59395d03183923dae82da9ee76f910145f20eabd', NULL, '2026-08-05 12:06:05', NULL, '2026-07-06 12:06:05'),
(180, 30, '196bdbfcaf63ffe2d33cac62a36c304efe1c94684ca340ae3b9e513c2a35db129928c5b8704d047b06e3700af6a03aca2d8af2ccd808a7f3d551c66d88c0a74b', NULL, '2026-08-05 12:12:08', NULL, '2026-07-06 12:12:08'),
(181, 27, '72f5c43124216c9f48a10ca795b7b9e6dfe144dffa3f1c08a2af7f86684efb238538473a7e536b217fdfbda946e6bac5654a6b856ffea3221abaabe4779fb02c', NULL, '2026-08-05 12:57:33', NULL, '2026-07-06 12:57:33'),
(182, 30, 'a4cd81f4f4e17ebb36274170bd8f447cd096702fb59ce2742b5c3785b865a22564e9f2aa878dbe774b93d2d59584ece23db864e013adb309a066195f716d7b12', NULL, '2026-08-05 12:58:00', NULL, '2026-07-06 12:58:00'),
(183, 27, '896c63a3a8c53fddfe4d70ef5b93707141d6396ca6faa96374466b503bc405ed54185093a40e82537feaadae979716b4f8426382da503e6399cb6ac31d6faf17', NULL, '2026-08-05 13:02:21', NULL, '2026-07-06 13:02:21'),
(184, 30, '468d7796174e43a94d58e244de334cf1957407f32c7f723f2c42851696570b9f699ed0e238559472f1e70e1cb67582dd33c4c07cc0f279de4f7311a9006b41bf', NULL, '2026-08-05 13:13:31', NULL, '2026-07-06 13:13:31'),
(185, 27, '71b404b028110158547665e7d533694998b04fb6dd157e69361aa3b32a816a5cf4e9ac4ed07afe773ba4366620429f20cfd64ba6812b4c8718bd310d1dff939e', NULL, '2026-08-05 13:14:43', NULL, '2026-07-06 13:14:43'),
(186, 30, '17f37c19ff3ca0dddbb3d7f020984c88299795bd7ca8bcdcf3292bb764ee4da9ed9b0c887aa3cbc67d311eb7c593b2365c945dd345bda827d8c0e35d3f48aca6', NULL, '2026-08-05 13:20:42', NULL, '2026-07-06 13:20:42'),
(187, 27, 'e22d20d09669cbb176a8c965e0ba6220c90d6ce556333c39983c838f5ad1965b4ae1b233eaefc4447b126e0ae7fac871b959d4a34e5010f97dd1946a68341a72', NULL, '2026-08-05 13:21:13', NULL, '2026-07-06 13:21:13'),
(188, 27, '1bfbe5d799048135ea8ddfa01f35ed1ebd1ef83c020ff8f17755b832d574fa43e9addc2a5e718328311847b45369bca50f31454326dfd34e2ac859dca429cf5c', NULL, '2026-08-05 13:23:00', NULL, '2026-07-06 13:23:00'),
(189, 27, '13c668692aef06e1d8053b76e33d6bd19c64ebfc39bf6fa412d469dd01f74d1c26fb3e5ad80755250fc62a0304b323836babed1fe68b27160efc7751820a6f62', NULL, '2026-08-05 13:26:57', NULL, '2026-07-06 13:26:57'),
(190, 30, 'f5c86db614fe7b0c1b6dc31c927c99b10ababbf19e8843d9fe9c627a271e26843eea43ce5d7e0d62ea5d225e06cde946e4f3306bbd23e869f5a3a65fd3a61a02', NULL, '2026-08-05 13:30:29', NULL, '2026-07-06 13:30:29'),
(191, 30, 'c4353947b2016d31bebe937cd74602a6cbeb20af4bee2868bd37b7613454a2eee1ee11885d082a6477eab5ab739f6d4e71e838363fff62a3ddebcb622f3cee3d', NULL, '2026-08-05 13:38:15', NULL, '2026-07-06 13:38:15'),
(192, 30, '435c67530a56ac8e7db5c12a8ca2ce3abe865d45a006cad2ca6a428a5246b64a861f8ed6124a6897639812222334d9cac48caee04af5d7e31fbe1d73b5a9dfeb', NULL, '2026-08-05 13:40:46', NULL, '2026-07-06 13:40:46'),
(193, 30, '16bb2f0826574f821713dd7e52c435745b20ad1bf1e62ba363d224d4f7301051d7440ad5b893084d031c629951612d314635672f9a4678e78f127ec3e6fc4503', NULL, '2026-08-05 15:47:00', NULL, '2026-07-06 15:47:00'),
(194, 27, 'e6575ae1bfc17ac015adbd87fbecef4ec5526171617bb2bf150d5872b7914629e565c8b2628cca3d8807f031e3a3dc7507de8fcb2c6a8f6478d23e95cd3c5164', NULL, '2026-08-05 15:47:36', NULL, '2026-07-06 15:47:36'),
(195, 27, '357ff5cceae6c78dd285b467539ccd4039e20f70b2e8e40018a1dfc14367cdd51be71e116935dceeedc514b4093b8d858fb546be9abe0a97bb838b2a15b74b3c', NULL, '2026-08-05 15:58:16', NULL, '2026-07-06 15:58:16'),
(196, 27, 'bbe0884a68eb7b6878eed3fda4f449c8dab154d6614a0ae0235107cd8c88dd8b351327747fa8ab9251b55aed7982132ceb7487593718053f5e5edbc25728f03a', NULL, '2026-08-05 16:10:29', NULL, '2026-07-06 16:10:29'),
(197, 27, '9abace72e750be28a3a743b6e5e4755b3695ae74a90f1ea9328fba819d0ccb228bef92df8e321c1158e409544e1ce2265d956deeef9d98c0ffc7e3967b0d236d', NULL, '2026-08-05 16:29:06', NULL, '2026-07-06 16:29:06'),
(198, 27, '48f4aab5275fa3ffa2ed16f85c34e277a043ef10fc66fdbf39ce7d4046a76936f45ee4cd72d2122e8d058517f73425dc5a0e93dc37e03f3fd30ecb42ca0c78ce', NULL, '2026-08-05 16:52:23', NULL, '2026-07-06 16:52:23'),
(199, 27, '8783ab49ba50e5a72aa7fc748efa4e71faf9e02f793db925c4bdf3a76415dcbe45f9fcd1ce98f7cf9929c3fe54a89c4639702cee648be2bf01d5bc9232c81833', NULL, '2026-08-05 16:53:18', NULL, '2026-07-06 16:53:18'),
(200, 27, 'a7a5ba7d482340a9546997b17f885c2235af5970b5b018435432c5d1aa2f9a2ab59dca27347a05cd6fcc4680cc9ae8b556b95bbd534348efb2a7df4589145a08', NULL, '2026-08-05 16:55:54', NULL, '2026-07-06 16:55:54'),
(201, 30, '662db84e572895597c14166f530a792ab217926343a7b442c1a07c5807ab471f9b5aac85b5febfc72b13767f85c356e115c65fb9a0e5f8a61739933faaa0ec19', NULL, '2026-08-05 16:59:26', NULL, '2026-07-06 16:59:26'),
(202, 30, '8b0e22cdc67131d62621c288157bca336b48f3b48cdc35bd6b15661d6a0c4e29577532ca1112e17ab96a55e8176d1cdfb9d99aaea345d4e359fa39d4dbbba724', NULL, '2026-08-05 17:32:40', NULL, '2026-07-06 17:32:40'),
(203, 25, 'e9548ae0a68471e94c1dcdd555d6d3a33f59da1f03981ee84b191a6a8ee2820b9935d0c16263f9e3dd3682005e6c6040bf0a0f6f7ab6bb4c65cc7edd4428f218', 'web-nextjs', '2026-08-05 18:03:15', NULL, '2026-07-06 18:03:15'),
(204, 25, 'ce67c1640ca63e0b9f73296d541dc83dae92ed0f610d3a71bd85a8c78da0ce5e32eb9f46b5efee88ad961f733f7941486e14e61e3252015b444143be75385357', 'web-nextjs', '2026-08-05 18:33:16', NULL, '2026-07-06 18:33:16'),
(205, 28, 'ab493d569b601e26b3dba9e2cb80deddfb1b0304f4f327bb98af72e698626323919b4833f63f750627703fa1dc7e35b215a07386fb2d4f608ed6fa0da84106d0', 'web-nextjs', '2026-08-05 18:51:17', NULL, '2026-07-06 18:51:17'),
(206, 25, 'db22774e0f7cf78df79af2e4773f458dcc860cd2ab8508dabba3995e979165730a5ecce44ef7826c0ece6270c5069c3485c76c543bdd72ccf0a2aa41aa72ab90', 'web-nextjs', '2026-08-06 12:47:23', NULL, '2026-07-07 12:47:23'),
(207, 27, '68ae9ac9f14203dc8b6863a8b0ecc827dd8a27ba336a9eacaab20fc1420e57cde64e75b8323176057fa7c53d6145d54d7af55ffe8fff9a1997f2254d91bd42b2', NULL, '2026-08-06 12:57:52', NULL, '2026-07-07 12:57:52'),
(208, 30, '85322d505e9027fe506d55be653702a5c425e3cf3323aef424b10221369456ee5fd62adfcece4e12104ee91030c0b30eac02df50133491007210b4d295b6c5f3', NULL, '2026-08-06 13:08:21', NULL, '2026-07-07 13:08:21'),
(209, 27, '33bfd75363eca12ba8bad6876174d6d9d4af272921c9cfcdc58bba96a16131ef6b9ad07120f0293dda7a8ff006c491cce4651c7126026e7ef2cd5b532c0c2d01', NULL, '2026-08-06 14:10:12', NULL, '2026-07-07 14:10:12'),
(210, 27, '2930dea21c3d0fef15e74da456c3e2a8bf104dd3788d6cc7061dd6d86bebcc12e7a1a59220414e705bef2bda321467fd76e47e32cd7a4c14d6dc11d9e74363d6', NULL, '2026-08-06 14:16:49', NULL, '2026-07-07 14:16:49'),
(211, 11, '1e362c7f66ae72fb435f47016a5ea1e87e178af86f8464f9a40f319cc96ffd5860823a1d3faaad6a847e0fd52bcfbfbe837a1789ce1ac0d4c06d86e410a6a118', NULL, '2026-08-06 14:20:28', NULL, '2026-07-07 14:20:28'),
(212, 30, 'b667771e19fd55140bbfc223cf25ab6ca2d5d759c91f8c30bb6190d27c361be36ce61f245b75983a289c93764401d61d8c80ef9281a6a15b4886770fb0731097', NULL, '2026-08-06 14:45:10', NULL, '2026-07-07 14:45:10'),
(213, 30, '9a8644e30d65adb3fb5f8e49e1043647fb6f256859667144a73c9f1efdf24e9d796e2dc2787ed2d17e6763d7c119ba4f2407ca8d67f0382409494f0ae1ca2c98', NULL, '2026-08-06 15:21:49', NULL, '2026-07-07 15:21:49'),
(214, 25, '442484323cfbac8e8195bea39b80930c12661f135e4f74c14fd0539619c39b53f2b259f80a1152ba8e5e77f4c3c6d6ef74d009f0e24ab1d02fa9272ae9ad5bf7', 'web-nextjs', '2026-08-06 19:48:16', NULL, '2026-07-07 19:48:16'),
(215, 28, '30ed035ffd2269e07b8853470b8477d3ea88c0c44dd88576c5454cf9eec3fbea1b905ded6156bf576067e5dca2905bb07fd65d11529d5e5e53614b3508ebf970', 'web-nextjs', '2026-08-06 20:03:05', NULL, '2026-07-07 20:03:05'),
(216, 28, 'af3ccabd74a36fccc6db59412f335658600fe2a2b68d5576f95bdd766199ed494ac0f68329e8a391e362103bdc4e159a0cab4051de01da3f2561682bfb3c7038', 'web-nextjs', '2026-08-06 20:07:55', NULL, '2026-07-07 20:07:55'),
(217, 25, '761e425787d66fb618b945b5d057f15f3b74108f8f6e600a859eb81c9f7a638fd513d3adf6084a89a1693cc3895658106cfab1c42c0156b19e20c87a3035003d', 'web-nextjs', '2026-08-06 20:14:26', NULL, '2026-07-07 20:14:26'),
(218, 28, 'c9e09aead9284168b8428e374b7e7d936986997193a7d10f817108ebf83cbe3c907febd9defc959ecae957bf6c90e958d96c11715b2bd5445bf2bd59f3e41684', 'web-nextjs', '2026-08-06 22:17:00', NULL, '2026-07-07 21:17:20'),
(219, 28, '1d6209abc244180981fc80b7d504175affe4b68ab2a00ae4bfc52ede74fa5c12a5e842261ba461a1b8f3b1ce98e89833715a9897c9e496fffbe68d146026de1a', 'web-nextjs', '2026-08-06 22:22:54', NULL, '2026-07-07 21:23:15'),
(220, 28, 'f64a0fc852fbadd2b8f18a547d8e738be6233da045d1ba4c34c106e44ad441e0202515773f254836f423c2e63145d19967dadbf913b532a30b14acfca0d60f05', 'web-nextjs', '2026-08-06 22:30:34', NULL, '2026-07-07 21:30:55'),
(221, 28, 'a48fef9731844b716731b56c30e61a03fb2c4274c7ecc56a9c20037dd50b3d9c32e31e30257d4f35383e1eef37659261435668755d98b77041ad54c974536079', 'web-nextjs', '2026-08-06 22:41:30', NULL, '2026-07-07 21:41:51'),
(222, 28, '46a2534f8d7f0c04ad9caa9d1ae95b275c1866b7cecf921b479a8e69d1028a217f78dadd15096e14718f5ab87049ade54e7ac63fc03b5ab1ae653d9cd4d5bc2f', 'web-nextjs', '2026-08-06 22:41:52', NULL, '2026-07-07 21:42:13'),
(223, 25, '67c87b78d3b684f87443004e0c913dd099f94ccca4f34a9fd6e8be3892b2af42d6b459c88c3843673e87bbcc7c6a1f6542fb6a19749b36c798eb903b911cda9c', 'web-nextjs', '2026-08-06 22:48:25', NULL, '2026-07-07 21:48:46'),
(224, 25, '71d14568414e330a3d9c8219373f148b428d3fe2f93b208bc7352a8106c7eb41c35549fdeb33b1810902cb03cfefe1dc087ed551ab846140666f0459e3e5e2af', 'web-nextjs', '2026-08-06 22:04:52', NULL, '2026-07-07 22:04:51'),
(225, 25, '98ec2cb977c7d7b91c05bc705fab2c2fd1507063991c594f5cb399657719df7181555a2857e17800ac1028cf6d1947bad382109050985de6acd0eacf2fdf2de2', 'web-nextjs', '2026-08-06 22:19:01', NULL, '2026-07-07 22:19:00'),
(226, 25, '33ba0783238e8fd1ada0d7ec795ada97bdf14964239d6c31fa7591840c1226c3bb0769c78732efc65af025f9605acbb9b970ac382eff1ae961294cd8cd5739ac', 'web-nextjs', '2026-08-06 22:21:29', NULL, '2026-07-07 22:21:29'),
(227, 27, '749a3bb0f64b1fa880346c65cd23d9fe6b427b21ad297e4c743375fbc3540c3ab8a5d95e87cb948f083f6f631ff8e59f3c862efc7b67ef6fc285072e0010a8c6', NULL, '2026-08-07 14:28:48', NULL, '2026-07-08 13:29:09'),
(228, 30, 'b8a8430a67b0e797b8f9a4296baa4615840a829c71df8a40846dc8bea808ef7135a84d7507b3e9095e8d67f6469659f712b2aeb0e104fa3007c6313850a45aaf', NULL, '2026-08-07 14:42:31', NULL, '2026-07-08 13:42:52'),
(229, 30, '3899c989e70d5f1d34ce23b1cc57744994d74da4669b045350ebd1f74f0d857a304809180aca1accb79f3b127fdb1f27342c2a6f74c83a1bdaba1de9eed3778c', NULL, '2026-08-07 14:57:26', NULL, '2026-07-08 13:57:47'),
(230, 30, '788dad53b6839153390560b7ba1fd0dee533f72aedb46de3fd32b541fe0da68f050d758e2d49b660eafa7c2296a695c5c451b02436f5f428064ec7bd35f9c85d', NULL, '2026-08-07 15:05:43', NULL, '2026-07-08 14:06:04'),
(231, 30, 'fe79c603ff8f9ebb9c8e7feba85a69dfad552ba7a5159d5f27739d459cf2afa4b5582ee13cff0e5a78dba49ac3703beab3f654fd33ab7d127d7239c67fa9223c', NULL, '2026-08-07 17:38:18', NULL, '2026-07-08 16:38:39'),
(232, 25, '2f60807ba27c95d730cb807efe69be5bb0469719ba0fecedb6ab852a4093439b315537a8b8ef0d493fdad4ac999a4581405c8a03f7fc5efd7d829ba394187a19', 'web-nextjs', '2026-08-08 16:09:56', NULL, '2026-07-09 16:09:56'),
(233, 25, '77e6388478c9cdf7790f26f9e42cedd701a1290eafbe3586110d5b3b073f1373336c319b23dd0bb1b33a195be51ced7ce01b89e57166e609c354e9724d608d42', 'web-nextjs', '2026-08-08 16:10:26', NULL, '2026-07-09 16:10:25'),
(234, 25, '413047e753c3ff12117aeec56d396d25459b3527669116f8eeea440dfafcf5ccb69ad13f7b45f1aab5c849931b17db074a3cbf2c47cd086e2a0ad0f7a8074eeb', 'web-nextjs', '2026-08-08 16:11:41', NULL, '2026-07-09 16:11:41'),
(235, 27, '2a4c0644c3fed9e97dbbcf5a75216f492fe65384cb346b0f6a490a932eb5c73bceabcac0da498ae658b2bc95827526058e2dc57680a48fb09887b86b1a79774e', NULL, '2026-08-08 20:10:06', NULL, '2026-07-09 19:10:27'),
(236, 27, 'dfa80c860548b4bc1a63e1455e898525a334af69689da113d61bc21bf9292b58de30a527c3fe2a0a80fcca3a919cf0045e734acceb2f43e735b841858398fd1f', NULL, '2026-08-09 00:16:55', NULL, '2026-07-09 23:17:16'),
(237, 27, '42582e3065aaf9ac7a75cef487b894ee5287c875ca6ff52864c85f133781cf07504188b2194f80f16a2a749bc8f9cdbc6e4ead0aa6f50e7bb154edfd9796a405', NULL, '2026-08-09 11:50:55', NULL, '2026-07-10 10:51:17'),
(238, 30, 'd40313b59e9942f611f59979d6af57ac1507aa298b41dc847316465c338386f98bd6cdd19231aacf91d59b0833e10e4784e4bcd9f7359eadde51decbb9167f1b', NULL, '2026-08-09 11:57:55', NULL, '2026-07-10 10:58:17'),
(239, 30, '3fb0691f679db6da482d5dfdaa4f3e608b4bdeff204444c1a3be3bed3a5b199a10d8cce3395559540007b1518faec1d50b7974a473fc8a1f01a27401dec2cee2', NULL, '2026-08-09 12:23:31', NULL, '2026-07-10 11:23:53'),
(240, 30, '1e094b46df5b65e95fc7f256bb088b4b7906e74739f6fdc4dbe8d6951002ae19becccf3d1247528720b0c2835f23ac965e08e2c4012ef885bd82b3606f51b379', NULL, '2026-08-09 12:24:58', NULL, '2026-07-10 11:25:20'),
(241, 30, '2380f7af457fd1a88e128df43691acf47e68de63a16be41665e611fd3a5c5872aaf0a1ac718b502060f1371e6490a7a87fd724b565d6713589f36f8f4a78eeb1', NULL, '2026-08-09 12:45:00', NULL, '2026-07-10 11:45:22'),
(242, 27, 'a2add933f1b93d84d39aa327bc9efb66cb74a6e79eea1ec043687bf72c18e1e9a0d7f71d939463e58e0edbce24adb5c8cd5ee03d78f9f71fb00bf55aa634b618', NULL, '2026-08-09 13:15:51', NULL, '2026-07-10 12:16:13'),
(243, 30, '6d85c119bd2867a7490d471d0ddf97aa55b829bb92061233f1e4792180d44d27459257a2700636aa0bf369d02fba348c85c1734d97c3577266281491063b4fc8', NULL, '2026-08-09 13:16:33', NULL, '2026-07-10 12:16:55'),
(244, 25, '606e23b79c81217e62a0b2ccd741864ff94b6831e453a7588b63425ad0ec5eaf17847d7b17e64316756b2907802887bc032b8f858778cf1b7e29525161432780', 'web-nextjs', '2026-08-09 15:21:26', NULL, '2026-07-10 15:21:26'),
(245, 27, '40c090dd74fea44744b0703c0c1fd74ee2bdb15286f2d29dfc21e28783535a87262242c8b8f420f9572be84fdff27c817847570db56eb71207c37b8389ea214a', NULL, '2026-08-09 16:26:23', NULL, '2026-07-10 15:26:45'),
(246, 27, '24feee95d56f929f4684ec5376623e0578a0bcc263f1ba5f6f9f27c6d3d1686dbc9a895371c7d29fb3be35af788975510933dba2e8fbc540b281cd56757c2863', NULL, '2026-08-09 16:38:18', NULL, '2026-07-10 15:38:41'),
(247, 30, 'a42d10928869b8774277613627de56031259feb4f4f595507c897db699d2347bc9719df9cac0851cf6509b64ef84589b70f8d80e2014584242e8e0f9687a9725', NULL, '2026-08-09 17:01:17', NULL, '2026-07-10 16:01:39'),
(248, 27, '840e9f81d0db84f7531cf946e2dab8fb70e90d38e55723dfb0434852db33aec2aee77719940531823cdf05385ad3784b2105b6556239842f9e413f7357b36b29', NULL, '2026-08-09 17:33:10', NULL, '2026-07-10 16:33:32'),
(249, 27, 'a3ec58cc98a888fc69d7e5fcd16705c135230504c5f55ca7cd2d3772de3c2ea2b11f17a02a075b964e9044ca00c441d9298311e056abd812bd4b04ca92708200', NULL, '2026-08-09 17:38:11', NULL, '2026-07-10 16:38:34'),
(250, 27, '50217871132f9b451ab125161850153684702cf360df1f1c8e0128e10072777da43e9805417a31309d2c57f6972dd62a603ffb69a526ce5d79b060a389d29712', NULL, '2026-08-09 17:55:31', NULL, '2026-07-10 16:55:54');
INSERT INTO `authtokens` (`id`, `userID`, `refreshToken`, `deviceInfo`, `expiresAt`, `revokedAt`, `createdAt`) VALUES
(251, 30, '8fe4ecb00e3a13fb980fd14779ea1f5460e933c3e634155a9ca4fb73099e07fcd500dca09b7567a2cb7a1653ae8c307a20b8d45030746d6ca34f2ea3f210295a', NULL, '2026-08-09 21:00:52', NULL, '2026-07-10 20:00:52'),
(252, 25, 'e8a63b3f30bc01d1228f5ae6891552298d3d3199ec4f7b98d6e96326018b6b6b6124d8e8dd85bb0cf360641b47055184c0d653f2dc9b8ad8ed2b9943f3723d87', 'web-nextjs', '2026-08-09 20:05:45', NULL, '2026-07-10 20:05:45'),
(253, 25, 'adc5f227d7b546f4d73b3b67060bcc3edec3a67e67fbc2bdf8cb8e58f3d47daad66012a53f7a4cfe1ce44ba242a19d2773ba4554bd607409dd4a619b9a6de50d', 'web-nextjs', '2026-08-10 11:37:01', NULL, '2026-07-11 10:37:24'),
(254, 25, '04e46e9a0f786a5e03bdfaa098bfabc322ee32f687b69f1f8df8a8169020ea50b8dd40d7183a3a3abd98cf70e6a0fd80cf5aca0cd2b852101c85bd857f34701a', 'web-nextjs', '2026-08-10 11:38:50', NULL, '2026-07-11 10:39:13'),
(255, 25, '28e948dfa82d662bc80b684c10311968682a0ab4ed21ccabeb1d37a4813b7d1361362bf48d112bdb334e671ced059ba0ab665fa71d8c06770337bb180f0aaf44', 'web-nextjs', '2026-08-10 12:24:10', NULL, '2026-07-11 11:24:33'),
(256, 25, 'a05a6fa216ba297819c341b35c564173fc3ad05fd290470fa84579835435cc2d1c789667ad0c16d9b47a06a292beb7dc1745e06a9f11c56daca964cc19d56f67', 'web-nextjs', '2026-08-10 11:25:33', NULL, '2026-07-11 11:25:33'),
(257, 25, '78e4e1d75a6e5fc88c15c8470afbbb64d17294211366fdfb9bd64be6f01af5db57ac34b3ba0581da30500b0134511cbdb42631193a0ce3f5e255b07afef9a5c3', 'web-nextjs', '2026-08-10 11:30:58', NULL, '2026-07-11 11:30:58');

-- --------------------------------------------------------

--
-- Structure de la table `bans`
--

CREATE TABLE `bans` (
  `id` bigint UNSIGNED NOT NULL,
  `userID` bigint UNSIGNED NOT NULL,
  `bannedBy` bigint UNSIGNED NOT NULL,
  `banType` enum('temporary','permanent') NOT NULL,
  `reason` text NOT NULL,
  `bannedAt` datetime NOT NULL DEFAULT CURRENT_TIMESTAMP,
  `expiresAt` datetime DEFAULT NULL,
  `isActive` tinyint(1) NOT NULL DEFAULT '1',
  `liftedAt` datetime DEFAULT NULL,
  `liftedBy` bigint UNSIGNED DEFAULT NULL
) ENGINE=InnoDB DEFAULT CHARSET=utf8;

--
-- Déchargement des données de la table `bans`
--

INSERT INTO `bans` (`id`, `userID`, `bannedBy`, `banType`, `reason`, `bannedAt`, `expiresAt`, `isActive`, `liftedAt`, `liftedBy`) VALUES
(1, 8, 1, 'temporary', 'Fausses informations dans le dossier de certification', '2025-02-05 10:00:00', '2025-02-19 10:00:00', 0, '2025-02-19 09:00:00', 1);

-- --------------------------------------------------------

--
-- Structure de la table `coachavailabilityblocks`
--

CREATE TABLE `coachavailabilityblocks` (
  `id` bigint UNSIGNED NOT NULL,
  `coachID` bigint UNSIGNED NOT NULL,
  `blockedDate` date NOT NULL,
  `startTime` time NOT NULL,
  `endTime` time NOT NULL,
  `note` varchar(255) DEFAULT NULL,
  `createdAt` datetime NOT NULL DEFAULT CURRENT_TIMESTAMP
) ENGINE=InnoDB DEFAULT CHARSET=utf8;

--
-- Déchargement des données de la table `coachavailabilityblocks`
--

INSERT INTO `coachavailabilityblocks` (`id`, `coachID`, `blockedDate`, `startTime`, `endTime`, `note`, `createdAt`) VALUES
(1, 6, '2025-03-15', '08:00:00', '12:00:00', 'Matinée indisponible - competition', '2025-03-01 10:00:00'),
(2, 6, '2025-03-16', '14:00:00', '18:00:00', 'Après-midi réservé formation', '2025-03-01 10:05:00'),
(3, 7, '2025-03-20', '09:00:00', '11:00:00', 'Créneau personnel', '2025-03-02 09:00:00'),
(4, 30, '2026-07-22', '09:00:00', '11:00:00', NULL, '2026-07-06 09:28:42');

-- --------------------------------------------------------

--
-- Structure de la table `coachclients`
--

CREATE TABLE `coachclients` (
  `id` bigint UNSIGNED NOT NULL,
  `coachID` bigint UNSIGNED NOT NULL,
  `clientID` bigint UNSIGNED NOT NULL,
  `createdAt` datetime NOT NULL DEFAULT CURRENT_TIMESTAMP
) ENGINE=InnoDB DEFAULT CHARSET=utf8mb4 COLLATE=utf8mb4_unicode_ci;

--
-- Déchargement des données de la table `coachclients`
--

INSERT INTO `coachclients` (`id`, `coachID`, `clientID`, `createdAt`) VALUES
(1, 6, 2, '2025-02-20 14:00:00'),
(2, 6, 3, '2025-02-25 11:30:00'),
(3, 7, 4, '2025-03-01 09:45:00'),
(4, 7, 5, '2025-03-05 16:20:00'),
(5, 30, 27, '2026-07-06 13:01:44');

-- --------------------------------------------------------

--
-- Structure de la table `coachprofiles`
--

CREATE TABLE `coachprofiles` (
  `id` bigint UNSIGNED NOT NULL,
  `userID` bigint UNSIGNED NOT NULL,
  `advisorID` bigint UNSIGNED DEFAULT NULL,
  `bio` text COLLATE utf8mb4_unicode_ci NOT NULL,
  `instagramPage` varchar(100) COLLATE utf8mb4_unicode_ci NOT NULL,
  `certificateUrl` varchar(500) COLLATE utf8mb4_unicode_ci NOT NULL,
  `invitationCode` varchar(30) COLLATE utf8mb4_unicode_ci NOT NULL,
  `totalInvitations` int UNSIGNED NOT NULL DEFAULT '0',
  `earnedPoints` int UNSIGNED NOT NULL DEFAULT '0',
  `createdAt` datetime NOT NULL DEFAULT CURRENT_TIMESTAMP,
  `updatedAt` datetime NOT NULL DEFAULT CURRENT_TIMESTAMP ON UPDATE CURRENT_TIMESTAMP,
  `tel` varchar(200) COLLATE utf8mb4_unicode_ci NOT NULL,
  `price` text COLLATE utf8mb4_unicode_ci NOT NULL,
  `ville` varchar(200) COLLATE utf8mb4_unicode_ci NOT NULL
) ENGINE=InnoDB DEFAULT CHARSET=utf8mb4 COLLATE=utf8mb4_unicode_ci;

--
-- Déchargement des données de la table `coachprofiles`
--

INSERT INTO `coachprofiles` (`id`, `userID`, `advisorID`, `bio`, `instagramPage`, `certificateUrl`, `invitationCode`, `totalInvitations`, `earnedPoints`, `createdAt`, `updatedAt`, `tel`, `price`, `ville`) VALUES
(1, 6, 10, 'Coach sportif depuis 8 ans, spécialisé en musculation et perte de poids.', '@coachjean', 'https://fitlek.com/certs/jean_dupont.pdf', 'JEAN2025', 2, 40, '2025-01-15 09:00:00', '2026-07-10 16:37:04', '07 23 45 67 89', '60.00', 'Marrakech'),
(2, 7, NULL, 'Diplômée STAPS, coaching en ligne et en présentiel. Passionnée de fitness.', '@clairefit', 'https://fitlek.com/certs/claire_legrand.pdf', 'CLAIR567', 1, 20, '2025-01-20 09:30:00', '2025-02-28 12:00:00', '', '', ''),
(3, 8, 10, 'Coach débutant, en attente d’approbation.', '@marc_b', 'https://fitlek.com/certs/marc_bernard.pdf', 'MARC123', 0, 0, '2025-02-01 10:15:00', '2025-02-01 10:15:00', '', '', ''),
(4, 19, NULL, '', '', '', '71EADAAAFD11', 0, 0, '2026-06-26 18:17:43', '2026-06-26 18:17:43', '', '', ''),
(5, 20, NULL, '', '', '', '45263A3B8EA4', 0, 0, '2026-06-27 11:22:21', '2026-07-11 10:41:17', '', '', ''),
(6, 21, NULL, '', '', '', '6C87B61B21CB', 0, 0, '2026-06-27 11:26:45', '2026-06-27 11:26:45', '', '', ''),
(7, 22, NULL, '', '', '', '2AC62961A416', 0, 0, '2026-06-27 11:31:02', '2026-06-27 11:31:02', '', '', ''),
(9, 23, NULL, '', '', '', '808F4FECD247', 0, 0, '2026-06-29 21:19:01', '2026-06-29 21:19:01', '', '', ''),
(11, 24, NULL, '', '', '', '841BD969C967', 0, 0, '2026-06-29 21:20:30', '2026-06-29 21:20:30', '', '', ''),
(13, 26, NULL, 'karrrim', 'karim', '', '372FDAE3', 0, 0, '2026-07-02 12:46:12', '2026-07-04 13:14:37', '06 12 34 56 78', '45.00', ''),
(15, 29, 25, 'Hello my Name amin im a gym coach', 'Amin123', '', '04D2C110', 0, 0, '2026-07-04 12:21:37', '2026-07-04 12:21:37', '0658153409', '200', ''),
(16, 30, NULL, '', '', '', '4F23425FCFB0', 1, 20, '2026-07-06 08:44:11', '2026-07-06 13:01:44', '', '', ''),
(17, 33, NULL, '', 'hbbhj', '', '5F5E2765', 0, 0, '2026-07-07 21:47:22', '2026-07-07 21:47:29', '0658153409', '50', ''),
(18, 38, 25, 'Hello mate ', '@anas_gaa', 'hhhhh', 'BC6C0B96', 0, 0, '2026-07-11 10:49:52', '2026-07-11 10:49:52', '0658153409', '200', 'Casablanca'),
(19, 39, 25, 'Coach spécialisé en musculation et prise de masse.', '@yassine.fit', 'https://exemple.com/certs/yassine.pdf', '75381699', 0, 0, '2026-07-11 11:07:33', '2026-07-11 11:07:33', '06 11 22 33 44', '60', 'Casablanca'),
(20, 40, 25, 'Coach de fitness et remise en forme post-partum.', '@salma.coach', 'https://exemple.com/certs/salma.pdf', 'CA65AD78', 0, 0, '2026-07-11 11:07:35', '2026-07-11 11:07:35', '06 22 33 44 55', '70', 'Rabat'),
(21, 41, 25, 'Préparateur physique, spécialiste CrossFit.', '@karim.crossfit', 'https://exemple.com/certs/karim.pdf', 'ED6EAE29', 0, 0, '2026-07-11 11:07:39', '2026-07-11 11:07:39', '06 33 44 55 66', '80', 'Marrakech'),
(22, 42, 25, 'Coach yoga et mobilité, 5 ans d\'expérience.', '@imane.yoga', 'https://exemple.com/certs/imane.pdf', '79596C0D', 0, 0, '2026-07-11 11:08:01', '2026-07-11 11:08:01', '06 44 55 66 77', '55', 'Casablanca'),
(23, 43, 25, 'Coach nutrition et perte de poids.', '@omar.nutrition', 'https://exemple.com/certs/omar.pdf', '21E17295', 0, 0, '2026-07-11 11:08:14', '2026-07-11 11:08:14', '06 55 66 77 88', '65', 'Tanger'),
(24, 44, 25, 'Coach cardio et boxe fitness.', '@nadia.boxe', 'https://exemple.com/certs/nadia.pdf', 'EF0505E8', 0, 0, '2026-07-11 11:08:37', '2026-07-11 11:08:37', '06 66 77 88 99', '50', 'Fès');

-- --------------------------------------------------------

--
-- Structure de la table `coachreviews`
--

CREATE TABLE `coachreviews` (
  `id` bigint UNSIGNED NOT NULL,
  `coachID` bigint UNSIGNED NOT NULL,
  `clientID` bigint UNSIGNED NOT NULL,
  `rating` tinyint UNSIGNED NOT NULL,
  `comment` text,
  `createdAt` datetime NOT NULL DEFAULT CURRENT_TIMESTAMP,
  `updatedAt` datetime NOT NULL DEFAULT CURRENT_TIMESTAMP ON UPDATE CURRENT_TIMESTAMP
) ENGINE=InnoDB DEFAULT CHARSET=utf8;

--
-- Déchargement des données de la table `coachreviews`
--

INSERT INTO `coachreviews` (`id`, `coachID`, `clientID`, `rating`, `comment`, `createdAt`, `updatedAt`) VALUES
(1, 6, 2, 5, 'Excellent coach, très à l’écoute et professionnel.', '2025-03-10 18:30:00', '2025-03-10 18:30:00'),
(2, 6, 3, 4, 'Bon suivi, programme efficace.', '2025-03-12 12:15:00', '2025-03-12 12:15:00'),
(3, 7, 4, 5, 'Séances motivantes, j’ai déjà perdu 3 kg !', '2025-03-15 20:00:00', '2025-03-15 20:00:00'),
(4, 6, 12, 4, 'excellent', '2026-06-12 14:30:36', '2026-06-13 19:03:33'),
(7, 26, 27, 5, NULL, '2026-07-03 09:31:56', '2026-07-05 12:59:28');

-- --------------------------------------------------------

--
-- Structure de la table `conversations`
--

CREATE TABLE `conversations` (
  `id` bigint UNSIGNED NOT NULL,
  `coachID` bigint UNSIGNED NOT NULL,
  `clientID` bigint UNSIGNED NOT NULL,
  `lastMessageAt` datetime DEFAULT NULL,
  `createdAt` datetime NOT NULL DEFAULT CURRENT_TIMESTAMP
) ENGINE=InnoDB DEFAULT CHARSET=utf8mb4 COLLATE=utf8mb4_unicode_ci;

--
-- Déchargement des données de la table `conversations`
--

INSERT INTO `conversations` (`id`, `coachID`, `clientID`, `lastMessageAt`, `createdAt`) VALUES
(1, 6, 2, '2025-03-12 10:15:00', '2025-02-20 14:05:00'),
(2, 6, 3, '2025-03-14 09:30:00', '2025-02-25 11:35:00'),
(3, 7, 4, '2025-03-10 17:45:00', '2025-03-01 09:50:00'),
(4, 6, 27, '2026-07-05 19:47:14', '2026-07-05 18:42:07'),
(5, 30, 27, '2026-07-10 10:53:51', '2026-07-06 16:29:17');

-- --------------------------------------------------------

--
-- Structure de la table `gymreviews`
--

CREATE TABLE `gymreviews` (
  `id` bigint UNSIGNED NOT NULL,
  `advisorID` bigint UNSIGNED NOT NULL,
  `clientID` bigint UNSIGNED NOT NULL,
  `rating` tinyint UNSIGNED NOT NULL,
  `comment` text,
  `createdAt` datetime NOT NULL DEFAULT CURRENT_TIMESTAMP,
  `updatedAt` datetime NOT NULL DEFAULT CURRENT_TIMESTAMP ON UPDATE CURRENT_TIMESTAMP
) ENGINE=InnoDB DEFAULT CHARSET=utf8;

--
-- Déchargement des données de la table `gymreviews`
--

INSERT INTO `gymreviews` (`id`, `advisorID`, `clientID`, `rating`, `comment`, `createdAt`, `updatedAt`) VALUES
(1, 10, 2, 4, 'Salle bien équipée, ambiance agréable.', '2025-02-28 17:45:00', '2025-02-28 17:45:00'),
(2, 10, 3, 5, 'Matériel neuf, coachs compétents.', '2025-03-05 14:30:00', '2025-03-05 14:30:00');

-- --------------------------------------------------------

--
-- Structure de la table `imageadvisor`
--

CREATE TABLE `imageadvisor` (
  `id` int NOT NULL,
  `idAdvisor` int NOT NULL,
  `UrlImage` varchar(600) COLLATE utf8mb4_general_ci NOT NULL
) ENGINE=InnoDB DEFAULT CHARSET=utf8mb4 COLLATE=utf8mb4_general_ci;

--
-- Déchargement des données de la table `imageadvisor`
--

INSERT INTO `imageadvisor` (`id`, `idAdvisor`, `UrlImage`) VALUES
(4, 25, 'https://res.cloudinary.com/dzetk7z2n/image/upload/v1783025164/fitlek/advisor-rooms/h95i4xczgxthmi1zggf7.jpg'),
(5, 25, 'https://res.cloudinary.com/dzetk7z2n/image/upload/v1783025172/fitlek/advisor-rooms/ukl08t2cui1ssaffvx8o.jpg'),
(6, 25, 'https://res.cloudinary.com/dzetk7z2n/image/upload/v1783461030/fitlek/advisor-rooms/oolwqcp6mmsbe4tsmnia.jpg');

-- --------------------------------------------------------

--
-- Structure de la table `invitations`
--

CREATE TABLE `invitations` (
  `id` bigint UNSIGNED NOT NULL,
  `coachID` bigint UNSIGNED NOT NULL,
  `invitedUserID` bigint UNSIGNED NOT NULL,
  `pointsEarned` int UNSIGNED NOT NULL DEFAULT '20',
  `status` enum('pending','accepted','refused') COLLATE utf8mb4_unicode_ci NOT NULL DEFAULT 'pending',
  `clickedAt` datetime NOT NULL DEFAULT CURRENT_TIMESTAMP,
  `respondedAt` datetime DEFAULT NULL
) ENGINE=InnoDB DEFAULT CHARSET=utf8mb4 COLLATE=utf8mb4_unicode_ci;

--
-- Déchargement des données de la table `invitations`
--

INSERT INTO `invitations` (`id`, `coachID`, `invitedUserID`, `pointsEarned`, `status`, `clickedAt`, `respondedAt`) VALUES
(1, 6, 2, 20, 'pending', '2025-02-20 14:00:00', NULL),
(2, 6, 3, 20, 'pending', '2025-02-25 11:30:00', NULL),
(3, 7, 4, 20, 'pending', '2025-03-01 09:45:00', NULL),
(4, 6, 27, 0, 'pending', '2026-07-05 13:47:22', NULL),
(5, 29, 27, 0, 'pending', '2026-07-05 20:50:43', NULL),
(6, 30, 27, 0, 'accepted', '2026-07-06 09:39:01', '2026-07-06 13:01:44'),
(7, 26, 27, 20, 'pending', '2026-07-06 16:30:30', NULL),
(8, 30, 11, 20, 'pending', '2026-07-07 14:21:12', NULL),
(9, 7, 27, 20, 'pending', '2026-07-08 13:30:17', NULL);

-- --------------------------------------------------------

--
-- Structure de la table `managerprofiles`
--

CREATE TABLE `managerprofiles` (
  `id` int NOT NULL,
  `userId` int NOT NULL,
  `ville` varchar(200) NOT NULL
) ENGINE=InnoDB DEFAULT CHARSET=utf8;

-- --------------------------------------------------------

--
-- Structure de la table `messages`
--

CREATE TABLE `messages` (
  `id` bigint UNSIGNED NOT NULL,
  `conversationID` bigint UNSIGNED NOT NULL,
  `senderID` bigint UNSIGNED NOT NULL,
  `body` text COLLATE utf8mb4_unicode_ci NOT NULL,
  `isRead` tinyint(1) NOT NULL DEFAULT '0',
  `createdAt` datetime NOT NULL DEFAULT CURRENT_TIMESTAMP
) ENGINE=InnoDB DEFAULT CHARSET=utf8mb4 COLLATE=utf8mb4_unicode_ci;

--
-- Déchargement des données de la table `messages`
--

INSERT INTO `messages` (`id`, `conversationID`, `senderID`, `body`, `isRead`, `createdAt`) VALUES
(1, 1, 2, 'Bonjour Jean, quand sommes-nous pour notre prochaine séance ?', 1, '2025-03-12 09:00:00'),
(2, 1, 6, 'Bonjour Sophie, je vous propose mercredi 19 à 18h.', 1, '2025-03-12 09:45:00'),
(3, 1, 2, 'Parfait, merci !', 0, '2025-03-12 10:15:00'),
(4, 2, 3, 'Salut Jean, exercices pour les pectoraux ?', 1, '2025-03-14 08:30:00'),
(5, 2, 6, 'Je t’envoie une vidéo ce soir.', 0, '2025-03-14 09:30:00'),
(6, 4, 27, 'hy', 0, '2026-07-05 18:54:01'),
(7, 4, 27, 'hhhhh', 0, '2026-07-05 19:47:14'),
(8, 5, 27, 'hy', 1, '2026-07-06 16:29:23'),
(9, 5, 27, 'hy', 1, '2026-07-06 16:59:04'),
(10, 5, 30, 'cv', 1, '2026-07-06 17:00:31'),
(11, 5, 27, 'bonjour', 1, '2026-07-10 10:53:51');

-- --------------------------------------------------------

--
-- Structure de la table `passwordresettokens`
--

CREATE TABLE `passwordresettokens` (
  `id` bigint UNSIGNED NOT NULL,
  `userID` bigint UNSIGNED NOT NULL,
  `token` varchar(255) COLLATE utf8mb4_unicode_ci NOT NULL,
  `expiresAt` datetime NOT NULL,
  `usedAt` datetime DEFAULT NULL,
  `createdAt` datetime NOT NULL DEFAULT CURRENT_TIMESTAMP
) ENGINE=InnoDB DEFAULT CHARSET=utf8mb4 COLLATE=utf8mb4_unicode_ci;

--
-- Déchargement des données de la table `passwordresettokens`
--

INSERT INTO `passwordresettokens` (`id`, `userID`, `token`, `expiresAt`, `usedAt`, `createdAt`) VALUES
(1, 3, 'pwd_reset_9876543210', '2025-03-20 23:59:59', NULL, '2025-03-18 10:00:00'),
(2, 11, 'cd53fbffce21d868e95875933ce7aa543a9469e56fa66aade3d034d6a6d4ab63', '2026-07-07 14:48:18', NULL, '2026-07-07 13:48:18'),
(3, 11, 'e63cd7843d2dc43476a2d1872fcf67dd2e276849349d32531fc3fe5bfc654fff', '2026-07-07 14:50:26', NULL, '2026-07-07 13:50:26');

-- --------------------------------------------------------

--
-- Structure de la table `reservations`
--

CREATE TABLE `reservations` (
  `id` bigint UNSIGNED NOT NULL,
  `clientID` bigint UNSIGNED NOT NULL,
  `coachID` bigint UNSIGNED NOT NULL,
  `reservedDate` date NOT NULL,
  `reservedTime` time NOT NULL,
  `status` enum('pending','confirmed','cancelled') COLLATE utf8mb4_unicode_ci NOT NULL DEFAULT 'pending',
  `rejectionReason` text COLLATE utf8mb4_unicode_ci,
  `cancellationReason` text COLLATE utf8mb4_unicode_ci,
  `cancelledBy` enum('coach','manager') COLLATE utf8mb4_unicode_ci DEFAULT NULL,
  `createdAt` datetime NOT NULL DEFAULT CURRENT_TIMESTAMP,
  `updatedAt` datetime NOT NULL DEFAULT CURRENT_TIMESTAMP ON UPDATE CURRENT_TIMESTAMP,
  `location` varchar(255) COLLATE utf8mb4_unicode_ci DEFAULT NULL,
  `price` decimal(10,2) NOT NULL DEFAULT '0.00',
  `companyName` varchar(150) COLLATE utf8mb4_unicode_ci DEFAULT NULL
) ENGINE=InnoDB DEFAULT CHARSET=utf8mb4 COLLATE=utf8mb4_unicode_ci;

--
-- Déchargement des données de la table `reservations`
--

INSERT INTO `reservations` (`id`, `clientID`, `coachID`, `reservedDate`, `reservedTime`, `status`, `rejectionReason`, `cancellationReason`, `cancelledBy`, `createdAt`, `updatedAt`, `location`, `price`, `companyName`) VALUES
(1, 2, 6, '2025-03-19', '18:00:00', 'confirmed', NULL, NULL, NULL, '2025-03-12 10:00:00', '2025-03-12 10:00:00', 'Fitlek Gym Paris', 45.00, 'Fitlek SAS'),
(2, 3, 6, '2025-03-22', '10:30:00', 'confirmed', NULL, NULL, NULL, '2025-03-14 14:00:00', '2026-06-11 18:34:30', 'En ligne', 30.00, NULL),
(3, 4, 7, '2025-03-25', '15:00:00', 'confirmed', NULL, NULL, NULL, '2025-03-10 18:00:00', '2025-03-11 09:00:00', 'Fitlek Lyon', 50.00, 'Fitlek SAS'),
(4, 5, 7, '2025-03-18', '09:00:00', 'cancelled', NULL, 'Client annule pour raison perso', 'manager', '2025-03-15 08:00:00', '2025-03-15 08:30:00', 'Fitlek Marseille', 40.00, 'Fitlek Sud'),
(5, 2, 6, '2025-03-10', '17:00:00', 'cancelled', NULL, 'Coach malade', 'coach', '2025-03-09 19:00:00', '2025-03-09 19:00:00', 'Fitlek Gym Paris', 45.00, 'Fitlek SAS'),
(6, 12, 6, '2026-06-12', '08:00:00', 'confirmed', NULL, NULL, NULL, '2026-06-11 12:33:32', '2026-06-11 18:34:08', NULL, 0.00, NULL),
(7, 12, 7, '2026-06-30', '08:00:00', 'cancelled', NULL, 'Annulée par le client', NULL, '2026-06-11 12:34:07', '2026-06-11 13:06:29', NULL, 0.00, NULL),
(8, 12, 6, '2026-06-19', '10:00:00', 'cancelled', NULL, 'Annulée par le client', NULL, '2026-06-11 18:46:10', '2026-06-13 19:09:36', NULL, 0.00, NULL),
(9, 12, 6, '2026-06-21', '09:00:00', 'confirmed', NULL, NULL, NULL, '2026-06-12 08:25:21', '2026-06-12 08:39:42', NULL, 0.00, NULL),
(10, 12, 7, '2026-06-30', '17:00:00', 'confirmed', NULL, NULL, NULL, '2026-06-12 08:25:49', '2026-06-12 08:39:13', NULL, 0.00, NULL),
(11, 12, 7, '2026-06-17', '09:00:00', 'confirmed', NULL, NULL, NULL, '2026-06-13 19:05:01', '2026-06-13 19:19:40', NULL, 150.00, NULL),
(12, 11, 7, '2026-06-27', '10:00:00', 'confirmed', NULL, NULL, NULL, '2026-06-23 22:43:10', '2026-06-23 22:46:51', NULL, 150.00, NULL),
(13, 27, 26, '2026-07-03', '10:00:00', 'confirmed', NULL, NULL, NULL, '2026-07-02 13:30:31', '2026-07-02 20:55:23', 'Casablanca', 100.00, NULL),
(14, 27, 26, '2026-07-23', '13:00:00', 'cancelled', NULL, 'Annulée par le client', NULL, '2026-07-03 09:39:28', '2026-07-04 12:57:14', 'HAY EL AMAL 2 RUE 68 ', 200.00, 'The New Castle'),
(15, 27, 7, '2026-07-16', '13:00:00', 'pending', NULL, NULL, NULL, '2026-07-04 13:33:16', '2026-07-04 13:33:16', NULL, 0.00, NULL),
(16, 27, 7, '2026-07-05', '13:00:00', 'pending', NULL, NULL, NULL, '2026-07-04 15:54:08', '2026-07-04 15:54:08', NULL, 0.00, NULL),
(17, 27, 6, '2026-07-05', '13:00:00', 'pending', NULL, NULL, NULL, '2026-07-04 15:54:56', '2026-07-04 15:54:56', 'Casablanca', 0.00, 'CityClub'),
(18, 27, 6, '2026-07-16', '12:00:00', 'pending', NULL, NULL, NULL, '2026-07-04 16:00:09', '2026-07-04 16:00:09', 'Casablanca', 0.00, 'CityClub'),
(19, 27, 29, '2026-07-06', '08:00:00', 'confirmed', NULL, NULL, NULL, '2026-07-04 16:07:42', '2026-07-10 20:06:24', 'HAY EL AMAL 2 RUE 68 ', 0.00, 'The New Castle'),
(20, 27, 29, '2026-07-22', '09:00:00', 'confirmed', NULL, NULL, NULL, '2026-07-05 12:58:55', '2026-07-06 18:04:05', 'HAY EL AMAL 2 RUE 68 ', 100.00, 'The New Castle'),
(21, 27, 6, '2026-07-17', '13:00:00', 'pending', NULL, NULL, NULL, '2026-07-05 20:44:01', '2026-07-05 20:44:01', 'Casablanca', 0.00, 'CityClub'),
(22, 27, 29, '2026-07-21', '10:00:00', 'confirmed', NULL, NULL, NULL, '2026-07-05 20:51:15', '2026-07-07 21:49:04', 'HAY EL AMAL 2 RUE 68 ', 200.00, 'The New Castle'),
(23, 27, 30, '2026-07-15', '09:00:00', 'confirmed', NULL, NULL, NULL, '2026-07-06 11:17:42', '2026-07-06 11:19:17', NULL, 0.00, NULL),
(24, 27, 6, '2026-07-22', '09:00:00', 'cancelled', NULL, 'Annulée par le client', NULL, '2026-07-09 19:11:55', '2026-07-10 15:54:21', 'Casablanca', 0.00, 'CityClub'),
(25, 27, 6, '2026-07-24', '13:00:00', 'pending', NULL, NULL, NULL, '2026-07-10 10:52:28', '2026-07-10 10:52:28', 'Casablanca', 0.00, 'CityClub'),
(26, 27, 6, '2026-07-15', '09:00:00', 'pending', NULL, NULL, NULL, '2026-07-10 15:43:26', '2026-07-10 15:43:26', 'Casablanca', 0.00, 'CityClub');

-- --------------------------------------------------------

--
-- Structure de la table `users`
--

CREATE TABLE `users` (
  `id` bigint UNSIGNED NOT NULL,
  `firstName` varchar(100) COLLATE utf8mb4_unicode_ci NOT NULL,
  `lastName` varchar(100) COLLATE utf8mb4_unicode_ci NOT NULL,
  `email` varchar(255) COLLATE utf8mb4_unicode_ci NOT NULL,
  `passwordHash` varchar(255) COLLATE utf8mb4_unicode_ci NOT NULL,
  `role` enum('client','coach','admin','manager','advisor') COLLATE utf8mb4_unicode_ci NOT NULL DEFAULT 'client',
  `gender` enum('Male','Female','Other') COLLATE utf8mb4_unicode_ci NOT NULL,
  `height` decimal(5,2) DEFAULT NULL,
  `avatarUrl` varchar(500) COLLATE utf8mb4_unicode_ci DEFAULT NULL,
  `isPremium` tinyint(1) NOT NULL DEFAULT '0',
  `isApproved` tinyint(1) NOT NULL DEFAULT '0',
  `createdAt` datetime NOT NULL DEFAULT CURRENT_TIMESTAMP,
  `updatedAt` datetime NOT NULL DEFAULT CURRENT_TIMESTAMP ON UPDATE CURRENT_TIMESTAMP
) ENGINE=InnoDB DEFAULT CHARSET=utf8mb4 COLLATE=utf8mb4_unicode_ci;

--
-- Déchargement des données de la table `users`
--

INSERT INTO `users` (`id`, `firstName`, `lastName`, `email`, `passwordHash`, `role`, `gender`, `height`, `avatarUrl`, `isPremium`, `isApproved`, `createdAt`, `updatedAt`) VALUES
(1, 'Admin', 'Fitlek', 'admin@fitlek.com', '$2b$12$aXw47JXhaLlKCe11K2fACuCyXyx26c9OLc32/2yEU0dvAJxLTrzoO', 'admin', 'Other', NULL, 'https://randomuser.me/api/portraits/men/1.jpg', 0, 1, '2025-01-01 08:00:00', '2026-07-06 20:00:19'),
(2, 'Sophie', 'Martin', 'sophie.martin@example.com', '$2b$12$iWiR8DXnKmBo6A0sIzvWYuSivsrV/HDPubSykU4N4Wy.aKVrDmO5m', 'client', 'Female', 170.00, 'https://randomuser.me/api/portraits/women/2.jpg', 1, 1, '2025-02-10 09:30:00', '2026-07-05 20:08:22'),
(3, 'Thomas', 'Durand', 'thomas.durand@example.com', '$2b$12$iWiR8DXnKmBo6A0sIzvWYuSivsrV/HDPubSykU4N4Wy.aKVrDmO5m', 'client', 'Male', 170.00, 'https://randomuser.me/api/portraits/men/3.jpg', 0, 1, '2025-02-15 10:15:00', '2026-07-05 20:08:22'),
(4, 'Laura', 'Petit', 'laura.petit@example.com', '$2y$10$hashclient3', 'client', 'Female', 170.00, NULL, 1, 1, '2025-02-20 11:45:00', '2026-07-05 20:08:22'),
(5, 'Nicolas', 'Leroy', 'nicolas.leroy@example.com', '$2y$10$hashclient4', 'client', 'Male', 170.00, 'https://randomuser.me/api/portraits/men/5.jpg', 0, 1, '2025-03-01 14:00:00', '2026-07-05 20:08:22'),
(6, 'Patrick', 'Jean', 'jean.dupont@coach.com', 'https://encrypted-tbn0.gstatic.com/images?q=tbn:ANd9GcRU9esfGQKGS4bWRe6T5CdXVivlwWD7YFleMg&s', 'coach', 'Male', NULL, 'https://encrypted-tbn0.gstatic.com/images?q=tbn:ANd9GcRU9esfGQKGS4bWRe6T5CdXVivlwWD7YFleMg&s', 1, 1, '2025-01-15 08:00:00', '2026-07-05 19:45:07'),
(7, 'Bermant', 'Claire', 'claire.legrand@coach.com', 'https://images.squarespace-cdn.com/content/v1/60a8049e9cfc63389fa57688/647144db-29dc-40d9-8ac4-ad10832e989b/0G0A0047%281%29.jpg', 'coach', 'Female', NULL, 'https://images.squarespace-cdn.com/content/v1/60a8049e9cfc63389fa57688/647144db-29dc-40d9-8ac4-ad10832e989b/0G0A0047%281%29.jpg', 0, 1, '2025-01-20 09:00:00', '2026-06-12 20:47:42'),
(8, 'Coach', 'Marc', 'marc.bernard@coach.com', '$2y$10$hashcoach3', 'coach', 'Male', NULL, NULL, 0, 0, '2025-02-01 10:00:00', '2025-02-01 10:00:00'),
(9, 'Manager', 'Julie', 'julie.manager@fitlek.com', '$2y$10$hashmanager1', 'manager', 'Female', NULL, 'https://randomuser.me/api/portraits/women/9.jpg', 0, 1, '2025-01-10 08:30:00', '2025-01-10 08:30:00'),
(10, 'Gym', 'ANAS', 'philippe.advisor@fitlek.com', '$2b$12$iWiR8DXnKmBo6A0sIzvWYuSivsrV/HDPubSykU4N4Wy.aKVrDmO5m', 'advisor', 'Other', NULL, 'https://encrypted-tbn0.gstatic.com/images?q=tbn:ANd9GcRqTE65i9LEIIIh_7QNq_kWuBCe2Ndz9DN49w&s', 0, 1, '2025-01-25 09:15:00', '2026-06-11 18:36:51'),
(11, 'anas', 'gana', 'anasgana2003@gmail.com', '$2a$12$ZEiuWQ7QZBTU7EenfG.VReiLrm6dvwPaH9ZqfRTReaynQI4H3fPH.', 'client', 'Male', 170.00, 'https://res.cloudinary.com/dzetk7z2n/image/upload/v1782250980/fitlek/avatars/avatar_11.png', 0, 0, '2026-06-11 08:11:57', '2026-07-09 16:10:25'),
(12, 'anas', 'gana', 'anasgana2010@gmail.com', '$2b$12$DCZzpWKKVHD./M8sXFZ3OeL9Cd80XYI5df/dZ03LpZnJBDSHFKybe', 'client', 'Male', 170.00, 'https://res.cloudinary.com/dzetk7z2n/image/upload/v1781295849/fitlek/avatars/avatar_12.jpg', 0, 0, '2026-06-11 08:14:55', '2026-07-05 20:08:22'),
(13, 'anas', 'gana', 'anasgana266@gmail.com', '$2b$12$3.jXiF0.geakasIx7pqinem/nJ0jRJz7joUoJXxQ5fLz2yrCBSm6u', 'coach', 'Male', NULL, NULL, 0, 0, '2026-06-11 17:14:10', '2026-06-11 17:14:10'),
(14, 'amin', 'rahal', 'anasgana2004@gmail.com', '$2b$12$RgdAMB9zVi3Xr2Vx9l8GPOl1x4l244jKBKX8jEnqpD1W5f9bKJdYC', 'advisor', 'Male', NULL, NULL, 0, 0, '2026-06-23 22:45:58', '2026-06-23 22:45:58'),
(15, 'anas', 'anas', 'anasanas1@gmail.com', '$2b$12$C/MFfH7wPzKhADtq8xCNhurzT.6aUuneEdDWsVhF0dSr5Y2NUPXYO', 'advisor', 'Male', NULL, NULL, 0, 0, '2026-06-24 21:31:53', '2026-06-24 21:31:53'),
(16, 'anas', 'gg', 'anasgana2011@gmail.com', '$2b$12$s9wg8SPwSejiVWW/eqsmbuLpa1hNoB8kjQLkKP9Zi/yrrb6mNC1GG', 'advisor', 'Male', NULL, NULL, 0, 0, '2026-06-24 21:33:45', '2026-06-24 21:33:45'),
(17, 'amin', 'gana', 'amingana@gmail.com', '$2b$12$CEMd/k7hE/dtFoX23iN4xOg57dFvwZ/AHZ0zbB6N3b9Z9w9PxQM/.', 'advisor', 'Male', NULL, NULL, 0, 0, '2026-06-24 21:51:19', '2026-06-24 21:51:19'),
(18, 'chadia', 'benatti', 'chadiabenati@gmail.com', '$2b$12$nf7tA1O6.xoo48CCXvZamOLV5uyr.zc344RFO6zf.6iUA67Xs7V9C', 'client', 'Female', 170.00, 'https://res.cloudinary.com/dzetk7z2n/image/upload/v1782400904/fitlek/avatars/avatar_18.png', 0, 0, '2026-06-25 16:20:26', '2026-07-05 20:08:22'),
(19, 'sabir', 'chaouki', 'sabirchaouki@gmail.com', '$2b$12$Dk5H0JTq29NJL7jPegPJleocsvkSu.FzilOjDYXhJpV8qRO.iqHb6', 'coach', 'Other', NULL, NULL, 0, 0, '2026-06-26 18:17:43', '2026-06-26 18:17:43'),
(20, 'amin', 'amin', 'hhhhhhhh@gmail.com', '$2b$12$S4QhZ5h/UY0Sxp5MGLahz.S1ZmQEL2XjCWElQMiIYc.WoTaFEdHyG', 'coach', 'Other', NULL, NULL, 0, 0, '2026-06-27 11:22:21', '2026-06-27 11:22:21'),
(21, 'hhh', 'hh', 'jjjjjjjjjjjjjjjj', '$2b$12$l1ZHlhl4IT3u3Zu8/LmEquA6kDkPiGAGu.6kKrnEhI2pA35/TR8hy', 'coach', 'Other', NULL, NULL, 0, 0, '2026-06-27 11:26:45', '2026-06-27 11:26:45'),
(22, 'hhhhhhhhhhhhhh', 'uuuuuuuuuuuuuuu', 'hhhhhhhhhhhhhh', '$2b$12$OXO1Kk4aKvVmKV1cIjPxMeN9Ea.HMzyHxoj7511hy8cN0FYGAZYlu', 'coach', 'Other', NULL, NULL, 0, 0, '2026-06-27 11:31:02', '2026-06-27 11:31:02'),
(23, 'hhhhh', 'hhhh', 'kjjjjjjjjjj', '$2b$12$GIKaZt395jRwRIZAB5413Ok0su.wKhS34GahEelufpc0kPIJoDQy.', 'coach', 'Other', NULL, NULL, 0, 0, '2026-06-29 21:19:01', '2026-06-29 21:19:01'),
(24, 'hhhhh', 'hhhh', 'kjjjjjjjjjj@gmail.com', '$2b$12$7X4iMtNZVCCD3/S3UMzKjeMejhRdc3m1qkjMnv0pYIfJc8MGDJg3u', 'coach', 'Other', NULL, NULL, 0, 1, '2026-06-29 21:20:30', '2026-07-06 21:03:39'),
(25, 'The Newcastle', 'Gym', 'hananebaki@managem.com', '$2a$12$5bIgzJxehU59UZ9CvQRJHOZOzWLSf6t4zDg7qB/GyNV7qCwPXe19C', 'advisor', 'Male', NULL, 'https://res.cloudinary.com/dzetk7z2n/image/upload/v1783024999/fitlek/avatars/avatar_25_1783024980740.jpg', 0, 1, '2026-07-02 12:23:47', '2026-07-09 16:11:18'),
(26, 'karim', 'amin', 'karimkarim@managem.com', '$2a$12$q9Y9D7nt/5/CdPOqe1zib.uTI9TCFnag6HA8T.NFby9Bm16s9GXo2', 'coach', 'Male', NULL, NULL, 0, 1, '2026-07-02 12:46:12', '2026-07-02 12:46:12'),
(27, 'mouad', 'gana', 'anasgana@gmail.com', '$2b$12$E6jgXmLzOMOzGxJsw1JwMeP1UvVyIhCfFNpEYUDo182GD..zVIuWe', 'client', 'Male', 185.00, 'https://res.cloudinary.com/dzetk7z2n/image/upload/v1783680898/fitlek/avatars/avatar_27.jpg', 1, 1, '2026-07-02 13:29:25', '2026-07-10 10:54:59'),
(28, 'Farah', 'GYM', 'admin@managem.com', '$2a$12$Qkz.gwRU5d7LepKz0jlZfe1wALzKDbdmNieKfdUiH7IWF.KptqGIi', 'advisor', 'Male', NULL, 'https://res.cloudinary.com/dzetk7z2n/image/upload/v1783451326/fitlek/avatars/avatar_28_1783451303795.jpg', 0, 1, '2026-07-02 23:07:00', '2026-07-07 21:41:39'),
(29, 'Amin', 'Mourabit', 'anasgana200@gmail.com', '$2a$12$04op0T0M1S6o9Y3R6rTurON/0hclsaAap7qsov2LqJGs7qwx9FOpW', 'coach', 'Male', NULL, NULL, 0, 1, '2026-07-04 12:21:37', '2026-07-04 12:21:37'),
(30, 'aùmin', 'amin', 'aminamin@gmail.com', '$2b$12$46iax1RZkFs50hFN7atxH.vRBW4LVVLn8lbPQ1aBXMHHzJeKlXVQi', 'coach', 'Male', NULL, NULL, 1, 1, '2026-07-06 08:44:11', '2026-07-06 09:38:45'),
(31, 'anas', 'gana', 'admin@anas.com', '$2a$12$NFLlAkFIh//LWaD0ls6GI.4.Bz1W2jPAlua.LJbSfQCFOCms.ZixO', 'admin', 'Male', NULL, NULL, 0, 1, '2026-07-06 20:08:36', '2026-07-06 20:08:36'),
(32, 'salma', 'gana', 'salmagana@gmail.com', '$2b$12$fRsNf9O.kDf9O2pBUnGYl.evDKp/URs2mOVSm/TnunSSGF.lAzLy6', 'client', 'Female', NULL, NULL, 0, 0, '2026-07-07 13:33:42', '2026-07-07 13:33:42'),
(33, 'hhhhhhhhhhhhhh', 'ubgygtv', 'admin123@managem.com', '$2a$12$CjyBP.pMt.I9zz/kf.e8hu6B9K6/6CU3zgJspR5loBSDOb5sw4Qji', 'coach', 'Male', NULL, NULL, 0, 1, '2026-07-07 21:47:22', '2026-07-07 21:47:22'),
(38, 'amin', 'GANA', 'anasgana@fitlek.com', '$2a$12$0eE2Jzi1BRu5HJrRCmLemutJ10eTFRdBP1xNXpeM/fWk.5IyRVXUS', 'coach', 'Male', NULL, NULL, 0, 1, '2026-07-11 10:49:52', '2026-07-11 10:49:52'),
(39, 'Yassine', 'El Amrani', 'yassine.elamrani@example.com', '$2a$12$uUxFn/34foZNSMywyXdKAeS8gCn3uzfOI3gsiRlM4K1mwdQbcHiPm', 'coach', 'Male', NULL, NULL, 0, 1, '2026-07-11 11:07:31', '2026-07-11 11:07:31'),
(40, 'Salma', 'Bennani', 'salma.bennani@example.com', '$2a$12$jdqPdSSsMbNkEcQi5i0tzOgAIJ81ipS/jqqjxHqr8A0murs1P75PS', 'coach', 'Female', NULL, NULL, 0, 1, '2026-07-11 11:07:35', '2026-07-11 11:07:35'),
(41, 'Karim', 'Idrissi', 'karim.idrissi@example.com', '$2a$12$CfYyRlcuDO5pPExmBKrkReesrcNKf5zxJykj0vA0Do93oolP2m1pK', 'coach', 'Male', NULL, NULL, 0, 1, '2026-07-11 11:07:38', '2026-07-11 11:07:38'),
(42, 'Imane', 'Fassi', 'imane.fassi@example.com', '$2a$12$z8UipAVnSUzuf.2F.q2Kius1tde8UQOCphG6DkX4SkGmCAwHivZTy', 'coach', 'Female', NULL, NULL, 0, 1, '2026-07-11 11:08:00', '2026-07-11 11:08:00'),
(43, 'Omar', 'Tazi', 'omar.tazi@example.com', '$2a$12$WkBayKydkMyU2jgLUuASUuN77KRtw9dFnJ6kymZnn/3iOtODDD0ca', 'coach', 'Male', NULL, NULL, 0, 1, '2026-07-11 11:08:13', '2026-07-11 11:08:13'),
(44, 'Nadia', 'Chraibi', 'nadia.chraibi@example.com', '$2a$12$AEIq8e3yu6LFF8BtHj80yu442ALcqewr/0BhcoF0pY5gpi9Hw.ZK2', 'coach', 'Female', NULL, NULL, 0, 1, '2026-07-11 11:08:29', '2026-07-11 11:08:29');

-- --------------------------------------------------------

--
-- Structure de la table `weighthistory`
--

CREATE TABLE `weighthistory` (
  `id` bigint UNSIGNED NOT NULL,
  `clientID` bigint UNSIGNED NOT NULL,
  `weight` decimal(5,2) NOT NULL,
  `recordedAt` date NOT NULL,
  `note` varchar(255) COLLATE utf8mb4_unicode_ci DEFAULT NULL,
  `createdAt` datetime NOT NULL DEFAULT CURRENT_TIMESTAMP
) ENGINE=InnoDB DEFAULT CHARSET=utf8mb4 COLLATE=utf8mb4_unicode_ci;

--
-- Déchargement des données de la table `weighthistory`
--

INSERT INTO `weighthistory` (`id`, `clientID`, `weight`, `recordedAt`, `note`, `createdAt`) VALUES
(1, 2, 68.50, '2025-02-20', 'Début suivi', '2025-02-20 14:10:00'),
(2, 2, 67.80, '2025-03-01', 'Objectif -1kg', '2025-03-01 08:00:00'),
(3, 2, 66.90, '2025-03-10', 'Progression', '2025-03-10 09:15:00'),
(4, 4, 72.00, '2025-03-01', 'Première pesée', '2025-03-01 10:00:00'),
(5, 4, 71.20, '2025-03-15', 'Résultats encourageants', '2025-03-15 20:30:00'),
(6, 12, 80.00, '0000-00-00', NULL, '2026-06-11 13:24:49'),
(7, 12, 90.00, '0000-00-00', NULL, '2026-06-11 13:25:03'),
(8, 12, 90.00, '0000-00-00', NULL, '2026-06-11 13:25:38'),
(9, 12, 70.00, '0000-00-00', NULL, '2026-06-11 13:25:46'),
(10, 12, 90.00, '0000-00-00', NULL, '2026-06-11 18:47:42'),
(11, 12, 90.00, '0000-00-00', NULL, '2026-06-11 18:47:55'),
(12, 12, 78.00, '0000-00-00', NULL, '2026-06-11 18:51:15'),
(13, 12, 90.00, '0000-00-00', NULL, '2026-06-11 18:51:21'),
(14, 12, 100.00, '0000-00-00', NULL, '2026-06-12 07:54:20'),
(15, 12, 40.00, '0000-00-00', NULL, '2026-06-12 08:04:58'),
(16, 12, 70.00, '0000-00-00', NULL, '2026-06-12 08:05:21'),
(17, 12, 30.00, '0000-00-00', NULL, '2026-06-12 08:19:15'),
(18, 12, 50.00, '0000-00-00', NULL, '2026-06-12 08:19:20'),
(19, 12, 90.00, '2026-06-12', NULL, '2026-06-12 21:36:44'),
(20, 12, 70.50, '2026-06-12', NULL, '2026-06-12 21:38:49'),
(21, 12, 150.00, '2026-06-12', NULL, '2026-06-12 21:42:47'),
(22, 12, 120.00, '2026-06-13', NULL, '2026-06-13 19:03:51'),
(23, 11, 80.00, '2026-06-23', NULL, '2026-06-23 22:43:58'),
(24, 11, 90.00, '2026-06-23', NULL, '2026-06-23 22:44:06'),
(25, 18, 75.00, '2026-06-25', NULL, '2026-06-25 16:21:19'),
(26, 11, 85.00, '2026-06-25', NULL, '2026-06-25 16:25:30'),
(27, 27, 77.00, '2026-07-04', NULL, '2026-07-04 13:13:22'),
(28, 27, 80.00, '2026-07-05', NULL, '2026-07-05 19:12:47'),
(29, 27, 90.00, '2026-07-06', NULL, '2026-07-06 12:08:15'),
(30, 27, 60.00, '2026-07-08', NULL, '2026-07-08 13:41:27'),
(31, 27, 80.00, '2026-07-10', NULL, '2026-07-10 15:59:04'),
(32, 27, 120.00, '2026-07-10', NULL, '2026-07-10 15:59:25');

--
-- Index pour les tables déchargées
--

--
-- Index pour la table `advisorprofiles`
--
ALTER TABLE `advisorprofiles`
  ADD PRIMARY KEY (`id`),
  ADD UNIQUE KEY `userID` (`userID`);

--
-- Index pour la table `authtokens`
--
ALTER TABLE `authtokens`
  ADD PRIMARY KEY (`id`),
  ADD UNIQUE KEY `refreshToken` (`refreshToken`),
  ADD KEY `fk_authTokens_userID` (`userID`),
  ADD KEY `idx_authTokens_exp` (`expiresAt`);

--
-- Index pour la table `bans`
--
ALTER TABLE `bans`
  ADD PRIMARY KEY (`id`),
  ADD KEY `fk_bans_bannedBy` (`bannedBy`),
  ADD KEY `fk_bans_liftedBy` (`liftedBy`),
  ADD KEY `idx_bans_userActive` (`userID`,`isActive`);

--
-- Index pour la table `coachavailabilityblocks`
--
ALTER TABLE `coachavailabilityblocks`
  ADD PRIMARY KEY (`id`),
  ADD KEY `fk_coachAvailabilityBlocks_coachID` (`coachID`);

--
-- Index pour la table `coachclients`
--
ALTER TABLE `coachclients`
  ADD PRIMARY KEY (`id`),
  ADD UNIQUE KEY `uq_coachClients` (`coachID`,`clientID`),
  ADD KEY `fk_coachClients_clientID` (`clientID`);

--
-- Index pour la table `coachprofiles`
--
ALTER TABLE `coachprofiles`
  ADD PRIMARY KEY (`id`),
  ADD UNIQUE KEY `userID` (`userID`),
  ADD UNIQUE KEY `invitationCode` (`invitationCode`),
  ADD KEY `idx_coachProfiles_advisorID` (`advisorID`),
  ADD KEY `idx_coachProfiles_invCode` (`invitationCode`);

--
-- Index pour la table `coachreviews`
--
ALTER TABLE `coachreviews`
  ADD PRIMARY KEY (`id`),
  ADD UNIQUE KEY `uq_coachReview` (`coachID`,`clientID`),
  ADD KEY `idx_coachReviews_coachID` (`coachID`),
  ADD KEY `idx_coachReviews_clientID` (`clientID`);

--
-- Index pour la table `conversations`
--
ALTER TABLE `conversations`
  ADD PRIMARY KEY (`id`),
  ADD UNIQUE KEY `uq_conversations` (`coachID`,`clientID`),
  ADD KEY `fk_conversations_clientID` (`clientID`),
  ADD KEY `idx_conversations_lastMsg` (`lastMessageAt`);

--
-- Index pour la table `gymreviews`
--
ALTER TABLE `gymreviews`
  ADD PRIMARY KEY (`id`),
  ADD UNIQUE KEY `uq_gymReview` (`advisorID`,`clientID`),
  ADD KEY `idx_gymReviews_advisorID` (`advisorID`),
  ADD KEY `idx_gymReviews_clientID` (`clientID`);

--
-- Index pour la table `imageadvisor`
--
ALTER TABLE `imageadvisor`
  ADD PRIMARY KEY (`id`);

--
-- Index pour la table `invitations`
--
ALTER TABLE `invitations`
  ADD PRIMARY KEY (`id`),
  ADD KEY `fk_invitations_coachID` (`coachID`),
  ADD KEY `fk_invitations_invitedUserID` (`invitedUserID`);

--
-- Index pour la table `managerprofiles`
--
ALTER TABLE `managerprofiles`
  ADD PRIMARY KEY (`id`);

--
-- Index pour la table `messages`
--
ALTER TABLE `messages`
  ADD PRIMARY KEY (`id`),
  ADD KEY `fk_messages_senderID` (`senderID`),
  ADD KEY `idx_messages_readStatus` (`conversationID`,`isRead`);

--
-- Index pour la table `passwordresettokens`
--
ALTER TABLE `passwordresettokens`
  ADD PRIMARY KEY (`id`),
  ADD UNIQUE KEY `token` (`token`),
  ADD KEY `fk_passwordResetTokens_userID` (`userID`),
  ADD KEY `idx_passwordResetTokens_exp` (`expiresAt`);

--
-- Index pour la table `reservations`
--
ALTER TABLE `reservations`
  ADD PRIMARY KEY (`id`),
  ADD KEY `idx_reservations_clientID` (`clientID`),
  ADD KEY `idx_reservations_coachID` (`coachID`),
  ADD KEY `idx_reservations_date` (`reservedDate`),
  ADD KEY `idx_reservations_status` (`status`);

--
-- Index pour la table `users`
--
ALTER TABLE `users`
  ADD PRIMARY KEY (`id`),
  ADD UNIQUE KEY `email` (`email`),
  ADD KEY `idx_users_email` (`email`),
  ADD KEY `idx_users_role` (`role`),
  ADD KEY `idx_users_isApproved` (`isApproved`);

--
-- Index pour la table `weighthistory`
--
ALTER TABLE `weighthistory`
  ADD PRIMARY KEY (`id`),
  ADD KEY `idx_weightHistory_clientID` (`clientID`),
  ADD KEY `idx_weightHistory_date` (`clientID`,`recordedAt`);

--
-- AUTO_INCREMENT pour les tables déchargées
--

--
-- AUTO_INCREMENT pour la table `advisorprofiles`
--
ALTER TABLE `advisorprofiles`
  MODIFY `id` bigint UNSIGNED NOT NULL AUTO_INCREMENT, AUTO_INCREMENT=5;

--
-- AUTO_INCREMENT pour la table `authtokens`
--
ALTER TABLE `authtokens`
  MODIFY `id` bigint UNSIGNED NOT NULL AUTO_INCREMENT, AUTO_INCREMENT=258;

--
-- AUTO_INCREMENT pour la table `bans`
--
ALTER TABLE `bans`
  MODIFY `id` bigint UNSIGNED NOT NULL AUTO_INCREMENT, AUTO_INCREMENT=2;

--
-- AUTO_INCREMENT pour la table `coachavailabilityblocks`
--
ALTER TABLE `coachavailabilityblocks`
  MODIFY `id` bigint UNSIGNED NOT NULL AUTO_INCREMENT, AUTO_INCREMENT=5;

--
-- AUTO_INCREMENT pour la table `coachclients`
--
ALTER TABLE `coachclients`
  MODIFY `id` bigint UNSIGNED NOT NULL AUTO_INCREMENT, AUTO_INCREMENT=6;

--
-- AUTO_INCREMENT pour la table `coachprofiles`
--
ALTER TABLE `coachprofiles`
  MODIFY `id` bigint UNSIGNED NOT NULL AUTO_INCREMENT, AUTO_INCREMENT=25;

--
-- AUTO_INCREMENT pour la table `coachreviews`
--
ALTER TABLE `coachreviews`
  MODIFY `id` bigint UNSIGNED NOT NULL AUTO_INCREMENT, AUTO_INCREMENT=8;

--
-- AUTO_INCREMENT pour la table `conversations`
--
ALTER TABLE `conversations`
  MODIFY `id` bigint UNSIGNED NOT NULL AUTO_INCREMENT, AUTO_INCREMENT=6;

--
-- AUTO_INCREMENT pour la table `gymreviews`
--
ALTER TABLE `gymreviews`
  MODIFY `id` bigint UNSIGNED NOT NULL AUTO_INCREMENT, AUTO_INCREMENT=3;

--
-- AUTO_INCREMENT pour la table `imageadvisor`
--
ALTER TABLE `imageadvisor`
  MODIFY `id` int NOT NULL AUTO_INCREMENT, AUTO_INCREMENT=7;

--
-- AUTO_INCREMENT pour la table `invitations`
--
ALTER TABLE `invitations`
  MODIFY `id` bigint UNSIGNED NOT NULL AUTO_INCREMENT, AUTO_INCREMENT=10;

--
-- AUTO_INCREMENT pour la table `managerprofiles`
--
ALTER TABLE `managerprofiles`
  MODIFY `id` int NOT NULL AUTO_INCREMENT;

--
-- AUTO_INCREMENT pour la table `messages`
--
ALTER TABLE `messages`
  MODIFY `id` bigint UNSIGNED NOT NULL AUTO_INCREMENT, AUTO_INCREMENT=12;

--
-- AUTO_INCREMENT pour la table `passwordresettokens`
--
ALTER TABLE `passwordresettokens`
  MODIFY `id` bigint UNSIGNED NOT NULL AUTO_INCREMENT, AUTO_INCREMENT=4;

--
-- AUTO_INCREMENT pour la table `reservations`
--
ALTER TABLE `reservations`
  MODIFY `id` bigint UNSIGNED NOT NULL AUTO_INCREMENT, AUTO_INCREMENT=27;

--
-- AUTO_INCREMENT pour la table `users`
--
ALTER TABLE `users`
  MODIFY `id` bigint UNSIGNED NOT NULL AUTO_INCREMENT, AUTO_INCREMENT=45;

--
-- AUTO_INCREMENT pour la table `weighthistory`
--
ALTER TABLE `weighthistory`
  MODIFY `id` bigint UNSIGNED NOT NULL AUTO_INCREMENT, AUTO_INCREMENT=33;

--
-- Contraintes pour les tables déchargées
--

--
-- Contraintes pour la table `advisorprofiles`
--
ALTER TABLE `advisorprofiles`
  ADD CONSTRAINT `fk_advisorProfiles_userID` FOREIGN KEY (`userID`) REFERENCES `users` (`id`) ON DELETE CASCADE;

--
-- Contraintes pour la table `authtokens`
--
ALTER TABLE `authtokens`
  ADD CONSTRAINT `fk_authTokens_userID` FOREIGN KEY (`userID`) REFERENCES `users` (`id`) ON DELETE CASCADE;

--
-- Contraintes pour la table `bans`
--
ALTER TABLE `bans`
  ADD CONSTRAINT `fk_bans_bannedBy` FOREIGN KEY (`bannedBy`) REFERENCES `users` (`id`),
  ADD CONSTRAINT `fk_bans_liftedBy` FOREIGN KEY (`liftedBy`) REFERENCES `users` (`id`) ON DELETE SET NULL,
  ADD CONSTRAINT `fk_bans_userID` FOREIGN KEY (`userID`) REFERENCES `users` (`id`) ON DELETE CASCADE;

--
-- Contraintes pour la table `coachavailabilityblocks`
--
ALTER TABLE `coachavailabilityblocks`
  ADD CONSTRAINT `fk_coachAvailabilityBlocks_coachID` FOREIGN KEY (`coachID`) REFERENCES `users` (`id`) ON DELETE CASCADE;

--
-- Contraintes pour la table `coachclients`
--
ALTER TABLE `coachclients`
  ADD CONSTRAINT `fk_coachClients_clientID` FOREIGN KEY (`clientID`) REFERENCES `users` (`id`) ON DELETE CASCADE,
  ADD CONSTRAINT `fk_coachClients_coachID` FOREIGN KEY (`coachID`) REFERENCES `users` (`id`) ON DELETE CASCADE;

--
-- Contraintes pour la table `coachprofiles`
--
ALTER TABLE `coachprofiles`
  ADD CONSTRAINT `fk_coachProfiles_advisorID` FOREIGN KEY (`advisorID`) REFERENCES `users` (`id`) ON DELETE SET NULL,
  ADD CONSTRAINT `fk_coachProfiles_userID` FOREIGN KEY (`userID`) REFERENCES `users` (`id`) ON DELETE CASCADE;

--
-- Contraintes pour la table `coachreviews`
--
ALTER TABLE `coachreviews`
  ADD CONSTRAINT `fk_coachReviews_clientID` FOREIGN KEY (`clientID`) REFERENCES `users` (`id`) ON DELETE CASCADE,
  ADD CONSTRAINT `fk_coachReviews_coachID` FOREIGN KEY (`coachID`) REFERENCES `users` (`id`) ON DELETE CASCADE;

--
-- Contraintes pour la table `conversations`
--
ALTER TABLE `conversations`
  ADD CONSTRAINT `fk_conversations_clientID` FOREIGN KEY (`clientID`) REFERENCES `users` (`id`) ON DELETE CASCADE,
  ADD CONSTRAINT `fk_conversations_coachID` FOREIGN KEY (`coachID`) REFERENCES `users` (`id`) ON DELETE CASCADE;

--
-- Contraintes pour la table `gymreviews`
--
ALTER TABLE `gymreviews`
  ADD CONSTRAINT `fk_gymReviews_advisorID` FOREIGN KEY (`advisorID`) REFERENCES `users` (`id`) ON DELETE CASCADE,
  ADD CONSTRAINT `fk_gymReviews_clientID` FOREIGN KEY (`clientID`) REFERENCES `users` (`id`) ON DELETE CASCADE;

--
-- Contraintes pour la table `invitations`
--
ALTER TABLE `invitations`
  ADD CONSTRAINT `fk_invitations_coachID` FOREIGN KEY (`coachID`) REFERENCES `users` (`id`) ON DELETE CASCADE,
  ADD CONSTRAINT `fk_invitations_invitedUserID` FOREIGN KEY (`invitedUserID`) REFERENCES `users` (`id`) ON DELETE CASCADE;

--
-- Contraintes pour la table `messages`
--
ALTER TABLE `messages`
  ADD CONSTRAINT `fk_messages_conversationID` FOREIGN KEY (`conversationID`) REFERENCES `conversations` (`id`) ON DELETE CASCADE,
  ADD CONSTRAINT `fk_messages_senderID` FOREIGN KEY (`senderID`) REFERENCES `users` (`id`) ON DELETE CASCADE;

--
-- Contraintes pour la table `passwordresettokens`
--
ALTER TABLE `passwordresettokens`
  ADD CONSTRAINT `fk_passwordResetTokens_userID` FOREIGN KEY (`userID`) REFERENCES `users` (`id`) ON DELETE CASCADE;

--
-- Contraintes pour la table `reservations`
--
ALTER TABLE `reservations`
  ADD CONSTRAINT `fk_reservations_clientID` FOREIGN KEY (`clientID`) REFERENCES `users` (`id`) ON DELETE CASCADE,
  ADD CONSTRAINT `fk_reservations_coachID` FOREIGN KEY (`coachID`) REFERENCES `users` (`id`) ON DELETE CASCADE;

--
-- Contraintes pour la table `weighthistory`
--
ALTER TABLE `weighthistory`
  ADD CONSTRAINT `fk_weightHistory_clientID` FOREIGN KEY (`clientID`) REFERENCES `users` (`id`) ON DELETE CASCADE;
COMMIT;

/*!40101 SET CHARACTER_SET_CLIENT=@OLD_CHARACTER_SET_CLIENT */;
/*!40101 SET CHARACTER_SET_RESULTS=@OLD_CHARACTER_SET_RESULTS */;
/*!40101 SET COLLATION_CONNECTION=@OLD_COLLATION_CONNECTION */;
